ID,Metabolism,Genetic Information Processing,Environmental Information Processing,Cellular Processes,Organismal Systems,Human Diseases
ec:1.1.1.1,44.0,0.0,0.0,0.0,0.0,7.0
ec:1.1.1.10,1.0,0.0,0.0,0.0,0.0,0.0
ec:1.1.1.102,1.0,0.0,0.0,0.0,0.0,0.0
ec:1.1.1.105,1.0,0.0,0.0,0.0,0.0,0.0
ec:1.1.1.14,1.0,0.0,0.0,0.0,0.0,0.0
ec:1.1.1.146,2.0,0.0,0.0,0.0,0.0,1.0
ec:1.1.1.153,1.0,0.0,0.0,0.0,0.0,0.0
ec:1.1.1.170,1.0,0.0,0.0,0.0,0.0,0.0
ec:1.1.1.178,1.0,0.0,0.0,0.0,0.0,1.0
ec:1.1.1.179,2.0,0.0,0.0,0.0,0.0,0.0
ec:1.1.1.181,1.0,0.0,0.0,0.0,0.0,0.0
ec:1.1.1.184,2.0,0.0,0.0,0.0,0.0,0.0
ec:1.1.1.2,3.0,0.0,0.0,0.0,0.0,0.0
ec:1.1.1.205,4.0,0.0,0.0,0.0,0.0,0.0
ec:1.1.1.21,10.0,0.0,0.0,0.0,0.0,0.0
ec:1.1.1.211,11.0,0.0,0.0,0.0,0.0,0.0
ec:1.1.1.213,6.0,0.0,0.0,0.0,1.0,1.0
ec:1.1.1.22,4.0,0.0,0.0,0.0,0.0,0.0
ec:1.1.1.239,4.0,0.0,0.0,0.0,1.0,0.0
ec:1.1.1.27,20.0,0.0,1.0,0.0,0.0,0.0
ec:1.1.1.270,2.0,0.0,0.0,0.0,1.0,0.0
ec:1.1.1.271,2.0,0.0,0.0,0.0,0.0,0.0
ec:1.1.1.30,4.0,0.0,0.0,0.0,0.0,0.0
ec:1.1.1.31,1.0,0.0,0.0,0.0,0.0,0.0
ec:1.1.1.330,4.0,0.0,0.0,0.0,0.0,0.0
ec:1.1.1.34,1.0,0.0,0.0,0.0,1.0,0.0
ec:1.1.1.35,7.0,0.0,0.0,0.0,0.0,0.0
ec:1.1.1.37,10.0,0.0,0.0,0.0,1.0,0.0
ec:1.1.1.38,2.0,0.0,0.0,0.0,0.0,0.0
ec:1.1.1.40,4.0,0.0,0.0,0.0,1.0,0.0
ec:1.1.1.41,12.0,0.0,0.0,0.0,0.0,0.0
ec:1.1.1.42,10.0,0.0,0.0,2.0,0.0,0.0
ec:1.1.1.44,3.0,0.0,0.0,0.0,0.0,0.0
ec:1.1.1.49,3.0,0.0,0.0,0.0,0.0,0.0
ec:1.1.1.50,3.0,0.0,0.0,0.0,0.0,0.0
ec:1.1.1.62,1.0,0.0,0.0,0.0,1.0,0.0
ec:1.1.1.64,1.0,0.0,0.0,0.0,0.0,0.0
ec:1.1.1.8,2.0,0.0,0.0,0.0,0.0,0.0
ec:1.1.1.81,3.0,0.0,0.0,0.0,0.0,0.0
ec:1.1.1.95,3.0,0.0,0.0,0.0,0.0,0.0
ec:1.1.2.4,1.0,0.0,0.0,0.0,0.0,0.0
ec:1.1.3.15,2.0,0.0,0.0,2.0,0.0,0.0
ec:1.1.4.1,1.0,0.0,0.0,0.0,0.0,0.0
ec:1.1.5.3,1.0,0.0,0.0,0.0,0.0,0.0
ec:1.1.99.1,1.0,0.0,0.0,0.0,0.0,0.0
ec:1.11.1.12,1.0,0.0,0.0,0.0,0.0,0.0
ec:1.11.1.20,1.0,0.0,0.0,0.0,0.0,0.0
ec:1.11.1.6,2.0,0.0,1.0,1.0,0.0,1.0
ec:1.11.1.7,0.0,0.0,0.0,0.0,1.0,1.0
ec:1.11.1.8,1.0,0.0,2.0,0.0,2.0,1.0
ec:1.11.1.9,14.0,0.0,0.0,0.0,7.0,2.0
ec:1.13.11.11,1.0,0.0,0.0,0.0,0.0,0.0
ec:1.13.11.19,1.0,0.0,0.0,0.0,0.0,0.0
ec:1.13.11.20,2.0,0.0,0.0,0.0,0.0,0.0
ec:1.13.11.27,3.0,0.0,0.0,0.0,0.0,0.0
ec:1.13.11.31,1.0,0.0,0.0,0.0,2.0,0.0
ec:1.13.11.33,2.0,0.0,0.0,0.0,1.0,0.0
ec:1.13.11.34,1.0,0.0,0.0,0.0,2.0,1.0
ec:1.13.11.5,1.0,0.0,0.0,0.0,0.0,0.0
ec:1.13.11.52,2.0,0.0,0.0,0.0,0.0,2.0
ec:1.13.11.54,1.0,0.0,0.0,0.0,0.0,0.0
ec:1.13.11.6,1.0,0.0,0.0,0.0,0.0,0.0
ec:1.13.99.1,2.0,0.0,0.0,0.0,0.0,0.0
ec:1.14.11.1,1.0,0.0,0.0,0.0,0.0,0.0
ec:1.14.11.2,3.0,0.0,0.0,0.0,0.0,0.0
ec:1.14.11.4,2.0,0.0,0.0,0.0,0.0,0.0
ec:1.14.13.100,2.0,0.0,0.0,0.0,0.0,0.0
ec:1.14.13.126,1.0,0.0,0.0,0.0,0.0,1.0
ec:1.14.13.13,1.0,0.0,0.0,0.0,0.0,1.0
ec:1.14.13.15,1.0,0.0,0.0,0.0,1.0,0.0
ec:1.14.13.159,1.0,0.0,0.0,0.0,0.0,0.0
ec:1.14.13.17,2.0,0.0,0.0,0.0,2.0,0.0
ec:1.14.13.30,2.0,0.0,0.0,0.0,0.0,0.0
ec:1.14.13.39,3.0,0.0,7.0,2.0,6.0,11.0
ec:1.14.13.70,1.0,0.0,0.0,0.0,0.0,0.0
ec:1.14.13.72,2.0,0.0,0.0,0.0,0.0,0.0
ec:1.14.13.8,5.0,0.0,0.0,0.0,0.0,0.0
ec:1.14.13.9,1.0,0.0,0.0,0.0,0.0,0.0
ec:1.14.13.98,1.0,0.0,0.0,0.0,0.0,0.0
ec:1.14.13.99,1.0,0.0,0.0,0.0,0.0,0.0
ec:1.14.14.1,34.0,0.0,0.0,0.0,9.0,10.0
ec:1.14.15.3,4.0,0.0,0.0,0.0,2.0,0.0
ec:1.14.15.4,1.0,0.0,0.0,0.0,0.0,0.0
ec:1.14.15.5,1.0,0.0,0.0,0.0,0.0,0.0
ec:1.14.15.6,1.0,0.0,0.0,0.0,1.0,0.0
ec:1.14.16.1,3.0,0.0,0.0,0.0,0.0,0.0
ec:1.14.16.2,1.0,0.0,0.0,0.0,2.0,4.0
ec:1.14.16.4,2.0,0.0,0.0,0.0,2.0,0.0
ec:1.14.17.1,1.0,0.0,0.0,0.0,0.0,0.0
ec:1.14.18.1,2.0,0.0,0.0,0.0,1.0,0.0
ec:1.14.21.6,1.0,0.0,0.0,0.0,0.0,0.0
ec:1.14.99.1,2.0,0.0,3.0,0.0,6.0,5.0
ec:1.14.99.10,1.0,0.0,0.0,0.0,0.0,0.0
ec:1.14.99.3,2.0,0.0,1.0,0.0,2.0,1.0
ec:1.14.99.36,1.0,0.0,0.0,0.0,0.0,0.0
ec:1.14.99.38,1.0,0.0,0.0,0.0,0.0,0.0
ec:1.16.3.1,3.0,0.0,0.0,0.0,2.0,0.0
ec:1.17.3.2,3.0,0.0,0.0,1.0,0.0,0.0
ec:1.17.4.1,9.0,0.0,0.0,2.0,0.0,0.0
ec:1.17.99.3,1.0,0.0,0.0,1.0,1.0,0.0
ec:1.2.1.12,4.0,0.0,1.0,0.0,0.0,1.0
ec:1.2.1.24,2.0,0.0,0.0,0.0,0.0,0.0
ec:1.2.1.27,5.0,0.0,0.0,0.0,0.0,0.0
ec:1.2.1.3,66.0,0.0,0.0,0.0,0.0,0.0
ec:1.2.1.36,2.0,0.0,0.0,0.0,0.0,0.0
ec:1.2.1.41,2.0,0.0,0.0,0.0,0.0,0.0
ec:1.2.1.5,28.0,0.0,0.0,0.0,0.0,4.0
ec:1.2.3.1,7.0,0.0,0.0,0.0,0.0,0.0
ec:1.2.4.1,12.0,0.0,3.0,0.0,0.0,0.0
ec:1.2.4.2,8.0,0.0,0.0,0.0,0.0,0.0
ec:1.2.4.4,2.0,0.0,0.0,0.0,0.0,0.0
ec:1.3.1.2,4.0,0.0,0.0,0.0,0.0,0.0
ec:1.3.1.21,1.0,0.0,0.0,0.0,0.0,0.0
ec:1.3.1.24,1.0,0.0,0.0,0.0,0.0,0.0
ec:1.3.1.3,2.0,0.0,0.0,0.0,0.0,0.0
ec:1.3.1.38,4.0,0.0,0.0,1.0,0.0,0.0
ec:1.3.1.70,1.0,0.0,0.0,0.0,0.0,0.0
ec:1.3.1.72,1.0,0.0,0.0,0.0,0.0,0.0
ec:1.3.1.93,3.0,0.0,0.0,0.0,0.0,0.0
ec:1.3.3.3,1.0,0.0,0.0,0.0,0.0,0.0
ec:1.3.3.4,1.0,0.0,0.0,0.0,0.0,0.0
ec:1.3.3.6,8.0,0.0,0.0,2.0,2.0,0.0
ec:1.3.5.1,6.0,0.0,0.0,0.0,0.0,8.0
ec:1.3.5.2,1.0,0.0,0.0,0.0,0.0,0.0
ec:1.3.8.1,5.0,0.0,0.0,0.0,0.0,0.0
ec:1.3.8.4,1.0,0.0,0.0,0.0,0.0,0.0
ec:1.3.8.6,3.0,0.0,0.0,0.0,0.0,0.0
ec:1.3.8.7,6.0,0.0,0.0,0.0,1.0,0.0
ec:1.3.8.8,2.0,0.0,0.0,0.0,1.0,0.0
ec:1.3.8.9,2.0,0.0,0.0,0.0,0.0,0.0
ec:1.3.99.12,3.0,0.0,0.0,0.0,0.0,0.0
ec:1.3.99.23,1.0,0.0,0.0,0.0,0.0,0.0
ec:1.4.1.3,8.0,0.0,0.0,0.0,2.0,0.0
ec:1.4.3.1,1.0,0.0,0.0,1.0,0.0,0.0
ec:1.4.3.2,7.0,0.0,0.0,0.0,0.0,0.0
ec:1.4.3.21,8.0,0.0,0.0,0.0,0.0,0.0
ec:1.4.3.22,3.0,0.0,0.0,0.0,0.0,0.0
ec:1.4.3.3,4.0,0.0,0.0,1.0,0.0,0.0
ec:1.4.3.4,14.0,0.0,0.0,0.0,4.0,6.0
ec:1.4.3.5,1.0,0.0,0.0,0.0,0.0,0.0
ec:1.4.4.2,2.0,0.0,0.0,0.0,0.0,0.0
ec:1.5.1.2,6.0,0.0,0.0,0.0,0.0,0.0
ec:1.5.1.20,2.0,0.0,0.0,0.0,0.0,0.0
ec:1.5.1.3,4.0,0.0,0.0,0.0,0.0,0.0
ec:1.5.1.30,2.0,0.0,0.0,0.0,0.0,0.0
ec:1.5.1.34,1.0,0.0,0.0,0.0,0.0,0.0
ec:1.5.1.6,2.0,0.0,0.0,0.0,0.0,0.0
ec:1.5.1.9,1.0,0.0,0.0,0.0,0.0,0.0
ec:1.5.8.3,1.0,0.0,0.0,0.0,0.0,0.0
ec:1.5.8.4,1.0,0.0,0.0,0.0,0.0,0.0
ec:1.6.1.2,1.0,0.0,0.0,0.0,0.0,0.0
ec:1.6.5.2,1.0,0.0,0.0,0.0,0.0,0.0
ec:1.7.1.7,2.0,0.0,0.0,0.0,0.0,0.0
ec:1.8.1.4,6.0,0.0,0.0,0.0,0.0,0.0
ec:1.8.1.7,1.0,0.0,0.0,0.0,1.0,0.0
ec:1.8.1.9,6.0,0.0,0.0,0.0,0.0,0.0
ec:1.8.3.1,1.0,0.0,0.0,0.0,0.0,0.0
ec:1.8.4.2,1.0,0.0,0.0,0.0,0.0,0.0
ec:2.1.1.1,1.0,0.0,0.0,0.0,0.0,0.0
ec:2.1.1.100,1.0,0.0,0.0,0.0,0.0,0.0
ec:2.1.1.13,4.0,0.0,0.0,0.0,0.0,0.0
ec:2.1.1.17,1.0,0.0,0.0,0.0,0.0,0.0
ec:2.1.1.2,2.0,0.0,0.0,0.0,0.0,0.0
ec:2.1.1.20,1.0,0.0,0.0,0.0,0.0,0.0
ec:2.1.1.28,1.0,0.0,0.0,0.0,0.0,0.0
ec:2.1.1.37,3.0,0.0,0.0,0.0,0.0,3.0
ec:2.1.1.4,1.0,0.0,0.0,0.0,0.0,0.0
ec:2.1.1.43,24.0,0.0,1.0,1.0,0.0,4.0
ec:2.1.1.45,2.0,0.0,0.0,0.0,0.0,0.0
ec:2.1.1.5,2.0,0.0,0.0,0.0,0.0,0.0
ec:2.1.1.6,2.0,0.0,0.0,0.0,1.0,0.0
ec:2.1.1.67,1.0,0.0,0.0,0.0,0.0,0.0
ec:2.1.1.8,1.0,0.0,0.0,0.0,0.0,0.0
ec:2.1.2.1,12.0,0.0,0.0,0.0,0.0,0.0
ec:2.1.2.10,3.0,0.0,0.0,0.0,0.0,0.0
ec:2.1.2.9,1.0,1.0,0.0,0.0,0.0,0.0
ec:2.1.3.3,2.0,0.0,0.0,0.0,0.0,0.0
ec:2.1.4.1,2.0,0.0,0.0,0.0,0.0,0.0
ec:2.2.1.1,12.0,0.0,0.0,0.0,0.0,0.0
ec:2.2.1.2,3.0,0.0,0.0,0.0,0.0,0.0
ec:2.3.1.1,3.0,0.0,0.0,0.0,0.0,0.0
ec:2.3.1.12,4.0,0.0,0.0,0.0,0.0,0.0
ec:2.3.1.135,1.0,0.0,0.0,0.0,1.0,0.0
ec:2.3.1.15,8.0,0.0,0.0,0.0,0.0,0.0
ec:2.3.1.16,13.0,0.0,0.0,1.0,1.0,0.0
ec:2.3.1.168,1.0,0.0,0.0,0.0,0.0,0.0
ec:2.3.1.176,1.0,0.0,0.0,1.0,1.0,0.0
ec:2.3.1.179,3.0,0.0,0.0,0.0,0.0,0.0
ec:2.3.1.181,1.0,0.0,0.0,0.0,0.0,0.0
ec:2.3.1.21,8.0,0.0,0.0,0.0,7.0,0.0
ec:2.3.1.22,1.0,0.0,0.0,0.0,2.0,0.0
ec:2.3.1.24,6.0,0.0,0.0,0.0,0.0,0.0
ec:2.3.1.26,2.0,0.0,0.0,0.0,0.0,0.0
ec:2.3.1.29,1.0,0.0,0.0,0.0,0.0,0.0
ec:2.3.1.37,4.0,0.0,0.0,0.0,0.0,0.0
ec:2.3.1.4,1.0,0.0,0.0,0.0,0.0,0.0
ec:2.3.1.42,1.0,0.0,0.0,1.0,0.0,0.0
ec:2.3.1.43,1.0,0.0,0.0,0.0,0.0,0.0
ec:2.3.1.5,4.0,0.0,0.0,0.0,0.0,2.0
ec:2.3.1.50,3.0,0.0,0.0,0.0,0.0,0.0
ec:2.3.1.51,6.0,0.0,0.0,0.0,2.0,0.0
ec:2.3.1.57,2.0,0.0,0.0,0.0,0.0,0.0
ec:2.3.1.6,1.0,0.0,0.0,0.0,1.0,0.0
ec:2.3.1.61,3.0,0.0,0.0,0.0,0.0,0.0
ec:2.3.1.67,4.0,0.0,0.0,0.0,0.0,0.0
ec:2.3.1.76,3.0,0.0,0.0,0.0,2.0,0.0
ec:2.3.1.78,1.0,0.0,0.0,1.0,0.0,0.0
ec:2.3.1.85,2.0,0.0,0.0,0.0,1.0,0.0
ec:2.3.1.87,1.0,0.0,0.0,0.0,0.0,0.0
ec:2.3.1.9,24.0,0.0,0.0,0.0,1.0,0.0
ec:2.3.2.2,16.0,0.0,0.0,0.0,0.0,0.0
ec:2.3.2.4,1.0,0.0,0.0,0.0,0.0,0.0
ec:2.3.3.1,5.0,0.0,0.0,0.0,0.0,0.0
ec:2.3.3.10,8.0,0.0,0.0,0.0,1.0,0.0
ec:2.3.3.8,1.0,0.0,0.0,0.0,0.0,0.0
ec:2.4.1.1,3.0,0.0,0.0,0.0,3.0,0.0
ec:2.4.1.101,1.0,0.0,0.0,0.0,0.0,0.0
ec:2.4.1.102,1.0,0.0,0.0,0.0,0.0,0.0
ec:2.4.1.11,2.0,0.0,2.0,0.0,2.0,0.0
ec:2.4.1.117,1.0,0.0,0.0,0.0,0.0,0.0
ec:2.4.1.122,1.0,0.0,0.0,0.0,0.0,0.0
ec:2.4.1.133,2.0,0.0,0.0,0.0,0.0,0.0
ec:2.4.1.134,2.0,0.0,0.0,0.0,0.0,0.0
ec:2.4.1.135,4.0,0.0,0.0,0.0,0.0,0.0
ec:2.4.1.142,1.0,0.0,0.0,0.0,0.0,0.0
ec:2.4.1.143,1.0,0.0,0.0,0.0,0.0,0.0
ec:2.4.1.144,1.0,0.0,0.0,0.0,0.0,0.0
ec:2.4.1.145,3.0,0.0,0.0,0.0,0.0,0.0
ec:2.4.1.147,1.0,0.0,0.0,0.0,0.0,0.0
ec:2.4.1.149,4.0,0.0,0.0,0.0,0.0,0.0
ec:2.4.1.150,1.0,0.0,0.0,0.0,0.0,0.0
ec:2.4.1.152,3.0,0.0,0.0,0.0,0.0,0.0
ec:2.4.1.155,1.0,0.0,0.0,0.0,0.0,0.0
ec:2.4.1.17,171.0,0.0,0.0,0.0,1.0,19.0
ec:2.4.1.175,2.0,0.0,0.0,0.0,0.0,0.0
ec:2.4.1.18,1.0,0.0,0.0,0.0,0.0,0.0
ec:2.4.1.198,1.0,0.0,0.0,0.0,0.0,0.0
ec:2.4.1.22,1.0,0.0,0.0,0.0,0.0,0.0
ec:2.4.1.226,4.0,0.0,0.0,0.0,0.0,0.0
ec:2.4.1.228,1.0,0.0,0.0,0.0,0.0,0.0
ec:2.4.1.256,2.0,0.0,0.0,0.0,0.0,0.0
ec:2.4.1.257,1.0,0.0,0.0,0.0,0.0,0.0
ec:2.4.1.258,1.0,0.0,0.0,0.0,0.0,0.0
ec:2.4.1.260,1.0,0.0,0.0,0.0,0.0,0.0
ec:2.4.1.261,1.0,0.0,0.0,0.0,0.0,0.0
ec:2.4.1.265,1.0,0.0,0.0,0.0,0.0,0.0
ec:2.4.1.267,1.0,0.0,0.0,0.0,0.0,0.0
ec:2.4.1.274,1.0,0.0,0.0,0.0,0.0,0.0
ec:2.4.1.37,1.0,0.0,0.0,0.0,0.0,0.0
ec:2.4.1.41,21.0,0.0,0.0,0.0,0.0,0.0
ec:2.4.1.50,4.0,0.0,0.0,0.0,0.0,0.0
ec:2.4.1.62,2.0,0.0,0.0,0.0,0.0,0.0
ec:2.4.1.65,3.0,0.0,0.0,0.0,0.0,0.0
ec:2.4.1.68,2.0,0.0,0.0,0.0,0.0,1.0
ec:2.4.1.69,4.0,0.0,0.0,0.0,0.0,0.0
ec:2.4.1.79,1.0,0.0,0.0,0.0,0.0,0.0
ec:2.4.1.80,1.0,0.0,0.0,0.0,0.0,0.0
ec:2.4.1.88,1.0,0.0,0.0,0.0,0.0,0.0
ec:2.4.1.92,1.0,0.0,0.0,0.0,0.0,0.0
ec:2.4.2.1,3.0,0.0,0.0,0.0,0.0,0.0
ec:2.4.2.12,1.0,0.0,0.0,0.0,0.0,0.0
ec:2.4.2.14,2.0,0.0,0.0,0.0,0.0,0.0
ec:2.4.2.19,1.0,0.0,0.0,0.0,0.0,0.0
ec:2.4.2.26,4.0,0.0,0.0,0.0,0.0,0.0
ec:2.4.2.28,1.0,0.0,0.0,0.0,0.0,0.0
ec:2.4.2.3,4.0,0.0,0.0,0.0,0.0,0.0
ec:2.4.2.4,2.0,0.0,0.0,0.0,0.0,1.0
ec:2.4.2.7,1.0,0.0,0.0,0.0,0.0,0.0
ec:2.4.2.8,2.0,0.0,0.0,0.0,0.0,0.0
ec:2.4.2.9,1.0,0.0,0.0,0.0,0.0,0.0
ec:2.4.99.1,4.0,0.0,0.0,0.0,0.0,0.0
ec:2.4.99.10,1.0,0.0,0.0,0.0,0.0,0.0
ec:2.4.99.3,1.0,0.0,0.0,0.0,0.0,0.0
ec:2.4.99.4,9.0,0.0,0.0,0.0,0.0,0.0
ec:2.4.99.6,3.0,0.0,0.0,0.0,0.0,0.0
ec:2.4.99.7,1.0,0.0,0.0,0.0,0.0,0.0
ec:2.4.99.8,3.0,0.0,0.0,0.0,0.0,0.0
ec:2.4.99.9,1.0,0.0,0.0,0.0,0.0,0.0
ec:2.5.1.10,1.0,0.0,0.0,0.0,0.0,2.0
ec:2.5.1.16,4.0,0.0,0.0,0.0,0.0,0.0
ec:2.5.1.18,60.0,0.0,0.0,1.0,0.0,22.0
ec:2.5.1.22,4.0,0.0,0.0,0.0,0.0,0.0
ec:2.5.1.29,1.0,0.0,0.0,0.0,0.0,0.0
ec:2.5.1.57,1.0,0.0,0.0,0.0,0.0,0.0
ec:2.5.1.58,1.0,0.0,0.0,0.0,0.0,0.0
ec:2.5.1.6,6.0,0.0,0.0,0.0,0.0,0.0
ec:2.5.1.61,1.0,0.0,0.0,0.0,0.0,0.0
ec:2.5.1.87,1.0,0.0,0.0,0.0,0.0,0.0
ec:2.5.1.91,2.0,0.0,0.0,0.0,0.0,0.0
ec:2.6.1.1,18.0,0.0,0.0,0.0,1.0,0.0
ec:2.6.1.13,1.0,0.0,0.0,0.0,0.0,0.0
ec:2.6.1.16,4.0,0.0,0.0,0.0,0.0,0.0
ec:2.6.1.22,5.0,0.0,0.0,0.0,1.0,0.0
ec:2.6.1.39,5.0,0.0,0.0,0.0,0.0,0.0
ec:2.6.1.42,10.0,0.0,0.0,0.0,0.0,0.0
ec:2.6.1.5,6.0,0.0,0.0,0.0,0.0,0.0
ec:2.6.1.51,4.0,0.0,0.0,1.0,0.0,0.0
ec:2.6.1.52,4.0,0.0,0.0,0.0,0.0,0.0
ec:2.7.1.1,28.0,0.0,4.0,0.0,8.0,4.0
ec:2.7.1.106,1.0,0.0,0.0,0.0,0.0,0.0
ec:2.7.1.107,18.0,0.0,9.0,0.0,0.0,0.0
ec:2.7.1.108,1.0,0.0,0.0,0.0,0.0,0.0
ec:2.7.1.11,18.0,0.0,1.0,0.0,1.0,0.0
ec:2.7.1.113,1.0,0.0,0.0,0.0,0.0,0.0
ec:2.7.1.127,3.0,0.0,6.0,0.0,0.0,0.0
ec:2.7.1.134,1.0,0.0,1.0,0.0,0.0,0.0
ec:2.7.1.137,1.0,0.0,1.0,2.0,0.0,1.0
ec:2.7.1.138,1.0,0.0,0.0,0.0,0.0,0.0
ec:2.7.1.147,2.0,0.0,0.0,0.0,0.0,0.0
ec:2.7.1.149,3.0,0.0,3.0,3.0,0.0,0.0
ec:2.7.1.15,1.0,0.0,0.0,0.0,0.0,0.0
ec:2.7.1.150,1.0,0.0,1.0,2.0,0.0,0.0
ec:2.7.1.151,1.0,0.0,0.0,0.0,0.0,0.0
ec:2.7.1.153,4.0,0.0,44.0,12.0,88.0,105.0
ec:2.7.1.154,3.0,0.0,3.0,0.0,0.0,0.0
ec:2.7.1.158,1.0,0.0,1.0,0.0,0.0,0.0
ec:2.7.1.164,1.0,1.0,0.0,0.0,0.0,0.0
ec:2.7.1.17,1.0,0.0,0.0,0.0,0.0,0.0
ec:2.7.1.173,2.0,0.0,0.0,0.0,0.0,0.0
ec:2.7.1.2,6.0,0.0,0.0,0.0,3.0,2.0
ec:2.7.1.20,1.0,0.0,0.0,0.0,0.0,0.0
ec:2.7.1.21,4.0,0.0,0.0,0.0,0.0,0.0
ec:2.7.1.23,1.0,0.0,0.0,0.0,0.0,0.0
ec:2.7.1.24,1.0,0.0,0.0,0.0,0.0,0.0
ec:2.7.1.25,6.0,0.0,0.0,0.0,0.0,0.0
ec:2.7.1.26,1.0,0.0,0.0,0.0,0.0,0.0
ec:2.7.1.3,1.0,0.0,0.0,0.0,0.0,0.0
ec:2.7.1.30,2.0,0.0,0.0,0.0,2.0,0.0
ec:2.7.1.31,3.0,0.0,0.0,0.0,0.0,0.0
ec:2.7.1.33,4.0,0.0,0.0,0.0,0.0,0.0
ec:2.7.1.35,1.0,0.0,0.0,0.0,0.0,0.0
ec:2.7.1.36,1.0,0.0,0.0,1.0,0.0,0.0
ec:2.7.1.40,10.0,0.0,0.0,0.0,1.0,5.0
ec:2.7.1.48,6.0,0.0,0.0,0.0,0.0,0.0
ec:2.7.1.52,2.0,0.0,0.0,0.0,0.0,0.0
ec:2.7.1.59,1.0,0.0,0.0,0.0,0.0,0.0
ec:2.7.1.6,4.0,0.0,0.0,0.0,0.0,0.0
ec:2.7.1.60,1.0,0.0,0.0,0.0,0.0,0.0
ec:2.7.1.67,4.0,0.0,4.0,0.0,0.0,0.0
ec:2.7.1.68,4.0,0.0,3.0,8.0,3.0,0.0
ec:2.7.1.74,2.0,0.0,0.0,0.0,0.0,0.0
ec:2.7.1.82,4.0,0.0,0.0,0.0,0.0,0.0
ec:2.7.1.91,2.0,0.0,4.0,0.0,2.0,2.0
ec:2.7.1.94,1.0,0.0,0.0,0.0,0.0,0.0
ec:2.7.2.3,6.0,0.0,1.0,0.0,0.0,0.0
ec:2.7.3.2,5.0,0.0,0.0,0.0,0.0,0.0
ec:2.7.4.10,1.0,0.0,0.0,0.0,0.0,0.0
ec:2.7.4.14,2.0,0.0,0.0,0.0,0.0,0.0
ec:2.7.4.2,1.0,0.0,0.0,1.0,0.0,0.0
ec:2.7.4.3,7.0,2.0,0.0,0.0,0.0,0.0
ec:2.7.4.6,16.0,0.0,0.0,0.0,0.0,0.0
ec:2.7.4.8,1.0,0.0,0.0,0.0,0.0,0.0
ec:2.7.4.9,1.0,0.0,0.0,0.0,0.0,0.0
ec:2.7.6.1,12.0,0.0,0.0,0.0,0.0,0.0
ec:2.7.6.2,1.0,0.0,0.0,0.0,0.0,0.0
ec:2.7.7.12,2.0,0.0,0.0,0.0,1.0,0.0
ec:2.7.7.13,4.0,0.0,0.0,0.0,0.0,0.0
ec:2.7.7.14,1.0,0.0,0.0,0.0,0.0,0.0
ec:2.7.7.15,2.0,0.0,0.0,0.0,0.0,0.0
ec:2.7.7.18,3.0,0.0,0.0,0.0,0.0,0.0
ec:2.7.7.2,1.0,0.0,0.0,0.0,0.0,0.0
ec:2.7.7.23,2.0,0.0,0.0,0.0,0.0,0.0
ec:2.7.7.30,2.0,0.0,0.0,0.0,0.0,0.0
ec:2.7.7.41,2.0,0.0,2.0,0.0,0.0,0.0
ec:2.7.7.43,1.0,0.0,0.0,0.0,0.0,0.0
ec:2.7.7.6,12.0,6.0,0.0,0.0,2.0,7.0
ec:2.7.7.7,12.0,25.0,0.0,0.0,0.0,5.0
ec:2.7.7.8,2.0,1.0,0.0,0.0,0.0,0.0
ec:2.7.7.9,4.0,0.0,0.0,0.0,0.0,0.0
ec:2.7.8.1,2.0,0.0,0.0,0.0,0.0,0.0
ec:2.7.8.11,2.0,0.0,1.0,0.0,0.0,0.0
ec:2.7.8.15,1.0,0.0,0.0,0.0,0.0,0.0
ec:2.7.8.2,4.0,0.0,0.0,0.0,0.0,0.0
ec:2.7.8.27,2.0,0.0,0.0,0.0,0.0,0.0
ec:2.7.8.29,1.0,0.0,0.0,0.0,0.0,0.0
ec:2.7.8.5,1.0,0.0,0.0,0.0,0.0,0.0
ec:2.7.9.3,2.0,0.0,0.0,0.0,0.0,0.0
ec:2.8.1.2,4.0,2.0,0.0,0.0,0.0,0.0
ec:2.8.1.8,1.0,0.0,0.0,0.0,0.0,0.0
ec:2.8.2.1,0.0,0.0,0.0,0.0,0.0,4.0
ec:2.8.2.11,1.0,0.0,0.0,0.0,0.0,0.0
ec:2.8.2.14,1.0,0.0,0.0,0.0,1.0,1.0
ec:2.8.2.2,1.0,0.0,0.0,0.0,0.0,0.0
ec:2.8.2.4,1.0,0.0,0.0,0.0,0.0,0.0
ec:2.8.2.5,3.0,0.0,0.0,0.0,0.0,0.0
ec:2.8.3.5,6.0,0.0,0.0,0.0,0.0,0.0
ec:2.9.1.2,1.0,1.0,0.0,0.0,0.0,0.0
ec:3.1.1.1,1.0,0.0,0.0,0.0,0.0,0.0
ec:3.1.1.13,3.0,0.0,0.0,1.0,2.0,0.0
ec:3.1.1.23,1.0,0.0,0.0,0.0,2.0,0.0
ec:3.1.1.3,8.0,0.0,0.0,0.0,8.0,0.0
ec:3.1.1.31,4.0,0.0,0.0,0.0,0.0,0.0
ec:3.1.1.34,1.0,0.0,0.0,0.0,1.0,1.0
ec:3.1.1.4,100.0,0.0,34.0,0.0,111.0,0.0
ec:3.1.1.47,4.0,0.0,0.0,0.0,0.0,0.0
ec:3.1.1.5,10.0,0.0,0.0,1.0,1.0,0.0
ec:3.1.1.64,1.0,0.0,0.0,0.0,0.0,0.0
ec:3.1.1.7,1.0,0.0,0.0,0.0,1.0,0.0
ec:3.1.2.1,1.0,0.0,0.0,0.0,0.0,0.0
ec:3.1.2.14,2.0,0.0,0.0,0.0,0.0,0.0
ec:3.1.2.2,11.0,0.0,0.0,1.0,2.0,0.0
ec:3.1.2.22,4.0,0.0,0.0,2.0,0.0,0.0
ec:3.1.2.27,1.0,0.0,0.0,1.0,0.0,0.0
ec:3.1.2.4,4.0,0.0,0.0,0.0,0.0,0.0
ec:3.1.2.6,2.0,0.0,0.0,0.0,0.0,0.0
ec:3.1.3.1,4.0,0.0,0.0,0.0,0.0,0.0
ec:3.1.3.11,8.0,0.0,0.0,0.0,2.0,0.0
ec:3.1.3.13,2.0,0.0,0.0,0.0,0.0,0.0
ec:3.1.3.18,1.0,0.0,0.0,0.0,0.0,0.0
ec:3.1.3.2,5.0,0.0,0.0,2.0,1.0,1.0
ec:3.1.3.25,2.0,0.0,2.0,0.0,0.0,0.0
ec:3.1.3.29,1.0,0.0,0.0,0.0,0.0,0.0
ec:3.1.3.3,3.0,0.0,0.0,0.0,0.0,0.0
ec:3.1.3.36,5.0,0.0,5.0,0.0,0.0,0.0
ec:3.1.3.4,18.0,0.0,0.0,0.0,6.0,0.0
ec:3.1.3.46,5.0,0.0,4.0,0.0,1.0,0.0
ec:3.1.3.5,27.0,0.0,0.0,0.0,0.0,0.0
ec:3.1.3.56,3.0,0.0,3.0,0.0,1.0,0.0
ec:3.1.3.57,1.0,0.0,1.0,0.0,0.0,0.0
ec:3.1.3.62,1.0,0.0,0.0,0.0,0.0,0.0
ec:3.1.3.64,1.0,0.0,1.0,0.0,0.0,0.0
ec:3.1.3.66,2.0,0.0,2.0,0.0,0.0,0.0
ec:3.1.3.67,1.0,0.0,4.0,3.0,0.0,8.0
ec:3.1.3.7,3.0,0.0,1.0,0.0,0.0,0.0
ec:3.1.3.74,2.0,0.0,0.0,0.0,0.0,0.0
ec:3.1.3.75,1.0,0.0,0.0,0.0,0.0,0.0
ec:3.1.3.77,1.0,0.0,0.0,0.0,0.0,0.0
ec:3.1.3.86,2.0,0.0,2.0,0.0,6.0,0.0
ec:3.1.3.9,9.0,0.0,6.0,0.0,9.0,0.0
ec:3.1.4.11,11.0,0.0,43.0,5.0,121.0,37.0
ec:3.1.4.12,5.0,0.0,0.0,1.0,0.0,0.0
ec:3.1.4.17,15.0,0.0,3.0,0.0,6.0,15.0
ec:3.1.4.35,6.0,0.0,0.0,0.0,2.0,1.0
ec:3.1.4.39,1.0,0.0,0.0,0.0,0.0,0.0
ec:3.1.4.4,8.0,0.0,2.0,2.0,6.0,2.0
ec:3.1.4.50,1.0,0.0,0.0,0.0,0.0,0.0
ec:3.1.6.12,1.0,0.0,0.0,1.0,0.0,0.0
ec:3.1.6.13,1.0,0.0,0.0,1.0,0.0,0.0
ec:3.1.6.14,1.0,0.0,0.0,1.0,0.0,0.0
ec:3.1.6.2,1.0,0.0,0.0,0.0,0.0,0.0
ec:3.1.6.4,1.0,0.0,0.0,1.0,0.0,0.0
ec:3.1.6.8,1.0,0.0,0.0,1.0,0.0,0.0
ec:3.1.7.2,1.0,0.0,0.0,0.0,0.0,0.0
ec:3.10.1.1,1.0,0.0,0.0,1.0,0.0,0.0
ec:3.2.1.1,5.0,0.0,0.0,0.0,10.0,0.0
ec:3.2.1.10,2.0,0.0,0.0,0.0,1.0,0.0
ec:3.2.1.106,1.0,1.0,0.0,0.0,0.0,0.0
ec:3.2.1.113,4.0,4.0,0.0,0.0,0.0,0.0
ec:3.2.1.114,2.0,0.0,0.0,0.0,0.0,0.0
ec:3.2.1.14,2.0,0.0,0.0,0.0,0.0,0.0
ec:3.2.1.166,1.0,0.0,0.0,0.0,0.0,1.0
ec:3.2.1.18,8.0,0.0,0.0,1.0,0.0,0.0
ec:3.2.1.20,4.0,0.0,0.0,1.0,0.0,0.0
ec:3.2.1.21,2.0,0.0,0.0,0.0,0.0,0.0
ec:3.2.1.22,4.0,0.0,0.0,1.0,0.0,0.0
ec:3.2.1.23,5.0,0.0,0.0,1.0,0.0,0.0
ec:3.2.1.3,2.0,0.0,0.0,0.0,1.0,0.0
ec:3.2.1.31,7.0,0.0,0.0,1.0,1.0,0.0
ec:3.2.1.33,1.0,0.0,0.0,0.0,0.0,0.0
ec:3.2.1.35,5.0,0.0,0.0,1.0,0.0,0.0
ec:3.2.1.45,4.0,0.0,0.0,1.0,0.0,0.0
ec:3.2.1.46,1.0,0.0,0.0,1.0,0.0,0.0
ec:3.2.1.49,1.0,0.0,0.0,1.0,0.0,0.0
ec:3.2.1.50,1.0,0.0,0.0,1.0,0.0,0.0
ec:3.2.1.52,11.0,0.0,0.0,2.0,0.0,0.0
ec:3.2.1.76,1.0,0.0,0.0,1.0,0.0,0.0
ec:3.2.1.84,1.0,1.0,0.0,0.0,0.0,0.0
ec:3.3.1.1,3.0,0.0,0.0,0.0,0.0,0.0
ec:3.3.2.10,1.0,0.0,0.0,1.0,0.0,0.0
ec:3.3.2.6,1.0,0.0,0.0,0.0,0.0,0.0
ec:3.3.2.9,1.0,0.0,0.0,0.0,1.0,1.0
ec:3.4.11.2,1.0,0.0,0.0,0.0,2.0,0.0
ec:3.4.11.5,2.0,0.0,0.0,0.0,0.0,0.0
ec:3.4.13.18,3.0,0.0,0.0,0.0,0.0,0.0
ec:3.4.13.20,3.0,0.0,0.0,0.0,0.0,0.0
ec:3.4.19.9,1.0,0.0,0.0,0.0,0.0,0.0
ec:3.4.24.84,1.0,0.0,0.0,0.0,0.0,0.0
ec:3.5.1.12,1.0,0.0,0.0,0.0,1.0,0.0
ec:3.5.1.14,3.0,0.0,0.0,0.0,0.0,0.0
ec:3.5.1.15,4.0,0.0,0.0,0.0,0.0,0.0
ec:3.5.1.2,6.0,0.0,0.0,0.0,6.0,2.0
ec:3.5.1.23,4.0,0.0,0.0,1.0,0.0,0.0
ec:3.5.1.25,1.0,0.0,0.0,0.0,0.0,0.0
ec:3.5.1.3,1.0,0.0,0.0,0.0,0.0,0.0
ec:3.5.1.6,4.0,0.0,0.0,0.0,0.0,0.0
ec:3.5.1.89,1.0,0.0,0.0,0.0,0.0,0.0
ec:3.5.1.9,2.0,0.0,0.0,0.0,0.0,0.0
ec:3.5.1.92,2.0,0.0,0.0,0.0,0.0,0.0
ec:3.5.2.2,4.0,0.0,0.0,0.0,0.0,0.0
ec:3.5.2.3,2.0,0.0,0.0,0.0,0.0,0.0
ec:3.5.2.7,1.0,0.0,0.0,0.0,0.0,0.0
ec:3.5.2.9,1.0,0.0,0.0,0.0,0.0,0.0
ec:3.5.3.1,4.0,0.0,0.0,0.0,0.0,2.0
ec:3.5.3.11,1.0,0.0,0.0,0.0,0.0,0.0
ec:3.5.4.10,2.0,0.0,0.0,0.0,0.0,0.0
ec:3.5.4.12,1.0,0.0,0.0,0.0,0.0,0.0
ec:3.5.4.16,1.0,0.0,0.0,0.0,0.0,0.0
ec:3.5.4.3,1.0,0.0,0.0,0.0,0.0,0.0
ec:3.5.4.4,1.0,0.0,0.0,0.0,0.0,1.0
ec:3.5.4.5,2.0,0.0,0.0,0.0,0.0,0.0
ec:3.5.4.6,3.0,0.0,0.0,0.0,0.0,0.0
ec:3.5.4.9,2.0,0.0,0.0,0.0,0.0,0.0
ec:3.5.99.6,2.0,0.0,0.0,0.0,0.0,0.0
ec:3.6.1.1,2.0,0.0,0.0,0.0,0.0,0.0
ec:3.6.1.11,1.0,0.0,0.0,0.0,0.0,0.0
ec:3.6.1.13,1.0,0.0,0.0,0.0,0.0,0.0
ec:3.6.1.15,2.0,0.0,0.0,0.0,0.0,0.0
ec:3.6.1.17,2.0,0.0,0.0,0.0,0.0,0.0
ec:3.6.1.19,3.0,0.0,0.0,0.0,0.0,0.0
ec:3.6.1.22,1.0,0.0,0.0,1.0,0.0,0.0
ec:3.6.1.23,1.0,0.0,0.0,0.0,0.0,0.0
ec:3.6.1.28,1.0,0.0,0.0,0.0,0.0,0.0
ec:3.6.1.3,1.0,0.0,0.0,0.0,0.0,0.0
ec:3.6.1.43,1.0,0.0,0.0,0.0,0.0,0.0
ec:3.6.1.5,6.0,0.0,0.0,0.0,0.0,3.0
ec:3.6.1.6,8.0,0.0,0.0,1.0,0.0,0.0
ec:3.6.1.7,2.0,0.0,0.0,0.0,0.0,0.0
ec:3.6.1.9,10.0,0.0,0.0,0.0,0.0,0.0
ec:3.6.3.10,3.0,0.0,0.0,0.0,4.0,0.0
ec:3.6.3.14,2.0,0.0,1.0,1.0,5.0,12.0
ec:3.7.1.2,1.0,0.0,0.0,0.0,0.0,0.0
ec:3.7.1.3,1.0,0.0,0.0,0.0,0.0,0.0
ec:4.1.1.15,8.0,0.0,0.0,0.0,2.0,2.0
ec:4.1.1.17,2.0,0.0,0.0,0.0,0.0,0.0
ec:4.1.1.19,1.0,0.0,0.0,0.0,0.0,0.0
ec:4.1.1.22,1.0,0.0,0.0,0.0,0.0,0.0
ec:4.1.1.23,2.0,0.0,0.0,0.0,0.0,0.0
ec:4.1.1.28,4.0,0.0,0.0,0.0,2.0,3.0
ec:4.1.1.29,1.0,0.0,0.0,0.0,0.0,0.0
ec:4.1.1.32,6.0,0.0,4.0,0.0,8.0,0.0
ec:4.1.1.33,1.0,0.0,0.0,0.0,0.0,0.0
ec:4.1.1.35,2.0,0.0,0.0,0.0,0.0,0.0
ec:4.1.1.36,1.0,0.0,0.0,0.0,0.0,0.0
ec:4.1.1.37,1.0,0.0,0.0,0.0,0.0,0.0
ec:4.1.1.45,1.0,0.0,0.0,0.0,0.0,0.0
ec:4.1.1.50,2.0,0.0,0.0,0.0,0.0,0.0
ec:4.1.1.65,1.0,0.0,0.0,0.0,0.0,0.0
ec:4.1.1.9,2.0,0.0,0.0,1.0,0.0,0.0
ec:4.1.1.90,1.0,0.0,0.0,0.0,0.0,0.0
ec:4.1.2.13,15.0,0.0,1.0,0.0,0.0,0.0
ec:4.1.2.27,1.0,0.0,0.0,0.0,0.0,0.0
ec:4.1.2.4,1.0,0.0,0.0,0.0,0.0,0.0
ec:4.1.3.3,1.0,0.0,0.0,0.0,0.0,0.0
ec:4.1.3.4,3.0,0.0,0.0,1.0,0.0,0.0
ec:4.2.1.107,1.0,0.0,0.0,1.0,0.0,0.0
ec:4.2.1.109,1.0,0.0,0.0,0.0,0.0,0.0
ec:4.2.1.11,9.0,3.0,3.0,0.0,0.0,0.0
ec:4.2.1.134,6.0,0.0,0.0,0.0,0.0,0.0
ec:4.2.1.17,10.0,0.0,0.0,0.0,0.0,0.0
ec:4.2.1.18,1.0,0.0,0.0,0.0,0.0,0.0
ec:4.2.1.2,3.0,0.0,0.0,0.0,0.0,2.0
ec:4.2.1.22,3.0,0.0,0.0,0.0,0.0,0.0
ec:4.2.1.24,1.0,0.0,0.0,0.0,0.0,0.0
ec:4.2.1.3,10.0,0.0,0.0,0.0,0.0,0.0
ec:4.2.1.47,2.0,0.0,0.0,0.0,0.0,0.0
ec:4.2.1.49,1.0,0.0,0.0,0.0,0.0,0.0
ec:4.2.1.75,1.0,0.0,0.0,0.0,0.0,0.0
ec:4.3.1.3,1.0,0.0,0.0,0.0,0.0,0.0
ec:4.3.1.4,2.0,0.0,0.0,0.0,0.0,0.0
ec:4.3.2.1,3.0,0.0,0.0,0.0,0.0,0.0
ec:4.3.2.2,2.0,0.0,0.0,0.0,0.0,0.0
ec:4.4.1.1,4.0,0.0,0.0,0.0,0.0,0.0
ec:4.4.1.16,1.0,0.0,0.0,0.0,0.0,0.0
ec:4.4.1.17,1.0,0.0,0.0,0.0,0.0,0.0
ec:4.4.1.20,1.0,0.0,0.0,0.0,0.0,0.0
ec:4.4.1.5,1.0,0.0,0.0,0.0,0.0,0.0
ec:4.6.1.1,10.0,0.0,16.0,18.0,212.0,35.0
ec:4.6.1.2,8.0,0.0,0.0,3.0,25.0,0.0
ec:4.99.1.1,1.0,0.0,0.0,0.0,0.0,0.0
ec:5.1.1.18,1.0,0.0,0.0,0.0,0.0,0.0
ec:5.1.3.1,8.0,0.0,0.0,0.0,0.0,0.0
ec:5.1.3.2,2.0,0.0,0.0,0.0,0.0,0.0
ec:5.1.3.3,2.0,0.0,0.0,0.0,0.0,0.0
ec:5.1.3.8,1.0,0.0,0.0,0.0,0.0,0.0
ec:5.1.99.1,4.0,0.0,0.0,0.0,0.0,0.0
ec:5.1.99.4,1.0,0.0,0.0,1.0,0.0,0.0
ec:5.2.1.2,1.0,0.0,0.0,0.0,0.0,0.0
ec:5.3.1.1,5.0,0.0,0.0,0.0,0.0,0.0
ec:5.3.1.22,1.0,0.0,0.0,0.0,0.0,0.0
ec:5.3.1.23,1.0,0.0,0.0,0.0,0.0,0.0
ec:5.3.1.6,3.0,0.0,0.0,0.0,0.0,0.0
ec:5.3.1.8,2.0,0.0,0.0,0.0,0.0,0.0
ec:5.3.1.9,5.0,0.0,0.0,0.0,0.0,0.0
ec:5.3.2.1,2.0,0.0,0.0,0.0,0.0,0.0
ec:5.3.3.1,2.0,0.0,0.0,0.0,2.0,0.0
ec:5.3.3.2,2.0,0.0,0.0,0.0,0.0,0.0
ec:5.3.3.5,1.0,0.0,0.0,0.0,0.0,0.0
ec:5.3.3.8,11.0,0.0,0.0,2.0,1.0,0.0
ec:5.3.99.2,2.0,0.0,0.0,0.0,0.0,0.0
ec:5.3.99.3,3.0,0.0,0.0,0.0,0.0,0.0
ec:5.3.99.4,1.0,0.0,0.0,0.0,0.0,0.0
ec:5.3.99.5,1.0,0.0,0.0,0.0,1.0,0.0
ec:5.4.2.2,6.0,0.0,0.0,0.0,0.0,0.0
ec:5.4.2.3,1.0,0.0,0.0,0.0,0.0,0.0
ec:5.4.2.7,6.0,0.0,0.0,0.0,0.0,0.0
ec:5.4.2.8,4.0,0.0,0.0,0.0,0.0,0.0
ec:5.4.99.2,4.0,0.0,0.0,0.0,0.0,0.0
ec:5.4.99.7,1.0,0.0,0.0,0.0,0.0,0.0
ec:5.5.1.4,1.0,0.0,0.0,0.0,0.0,0.0
ec:6.1.1.10,2.0,2.0,0.0,0.0,0.0,0.0
ec:6.1.1.11,0.0,2.0,0.0,0.0,0.0,0.0
ec:6.2.1.1,8.0,0.0,0.0,0.0,0.0,0.0
ec:6.2.1.16,1.0,0.0,0.0,0.0,0.0,0.0
ec:6.2.1.17,1.0,0.0,0.0,0.0,0.0,0.0
ec:6.2.1.2,6.0,0.0,0.0,0.0,0.0,0.0
ec:6.2.1.3,14.0,0.0,0.0,6.0,15.0,0.0
ec:6.2.1.5,9.0,0.0,0.0,0.0,0.0,0.0
ec:6.2.1.7,1.0,0.0,0.0,0.0,2.0,0.0
ec:6.3.1.2,5.0,0.0,0.0,0.0,2.0,0.0
ec:6.3.2.11,3.0,0.0,0.0,0.0,0.0,0.0
ec:6.3.2.17,1.0,0.0,0.0,0.0,0.0,0.0
ec:6.3.2.2,1.0,0.0,0.0,0.0,0.0,0.0
ec:6.3.2.3,1.0,0.0,0.0,0.0,0.0,0.0
ec:6.3.2.5,1.0,0.0,0.0,0.0,0.0,0.0
ec:6.3.2.6,1.0,0.0,0.0,0.0,0.0,0.0
ec:6.3.3.1,2.0,0.0,0.0,0.0,0.0,0.0
ec:6.3.3.2,2.0,0.0,0.0,0.0,0.0,0.0
ec:6.3.4.14,10.0,0.0,0.0,0.0,3.0,0.0
ec:6.3.4.15,1.0,0.0,0.0,0.0,0.0,0.0
ec:6.3.4.16,5.0,0.0,0.0,0.0,0.0,0.0
ec:6.3.4.2,2.0,0.0,0.0,0.0,0.0,0.0
ec:6.3.4.3,2.0,0.0,0.0,0.0,0.0,0.0
ec:6.3.4.4,4.0,0.0,0.0,0.0,0.0,0.0
ec:6.3.4.5,3.0,0.0,0.0,0.0,0.0,0.0
ec:6.3.5.1,1.0,0.0,0.0,0.0,0.0,0.0
ec:6.3.5.2,2.0,0.0,0.0,0.0,0.0,0.0
ec:6.3.5.3,1.0,0.0,0.0,0.0,0.0,0.0
ec:6.3.5.4,1.0,0.0,0.0,0.0,0.0,0.0
ec:6.4.1.1,4.0,0.0,0.0,0.0,0.0,0.0
ec:6.4.1.3,8.0,0.0,0.0,0.0,0.0,0.0
ec:6.4.1.4,2.0,0.0,0.0,0.0,0.0,0.0
