ID,EC1,EC2,EC3,EC4,EC5,EC6
ec:1.1.1.1,1.0,0.0,0.0,0.0,0.0,0.0
ec:1.1.1.102,1.0,0.0,0.0,0.0,0.0,0.0
ec:1.1.1.103,1.0,0.0,0.0,0.0,0.0,0.0
ec:1.1.1.105,1.0,0.0,0.0,0.0,0.0,0.0
ec:1.1.1.14,1.0,0.0,0.0,0.0,0.0,0.0
ec:1.1.1.153,1.0,0.0,0.0,0.0,0.0,0.0
ec:1.1.1.178,1.0,0.0,0.0,0.0,0.0,0.0
ec:1.1.1.179,1.0,0.0,0.0,0.0,0.0,0.0
ec:1.1.1.2,1.0,0.0,0.0,0.0,0.0,0.0
ec:1.1.1.205,1.0,0.0,0.0,0.0,0.0,0.0
ec:1.1.1.21,1.0,0.0,0.0,0.0,0.0,0.0
ec:1.1.1.211,1.0,0.0,0.0,0.0,0.0,0.0
ec:1.1.1.22,1.0,0.0,0.0,0.0,0.0,0.0
ec:1.1.1.27,1.0,0.0,0.0,0.0,0.0,0.0
ec:1.1.1.271,1.0,0.0,0.0,0.0,0.0,0.0
ec:1.1.1.30,1.0,0.0,0.0,0.0,0.0,0.0
ec:1.1.1.31,1.0,0.0,0.0,0.0,0.0,0.0
ec:1.1.1.330,1.0,0.0,0.0,0.0,0.0,0.0
ec:1.1.1.34,1.0,0.0,0.0,0.0,0.0,0.0
ec:1.1.1.35,1.0,0.0,0.0,0.0,0.0,0.0
ec:1.1.1.37,1.0,0.0,0.0,0.0,0.0,0.0
ec:1.1.1.40,1.0,0.0,0.0,0.0,0.0,0.0
ec:1.1.1.41,1.0,0.0,0.0,0.0,0.0,0.0
ec:1.1.1.42,1.0,0.0,0.0,0.0,0.0,0.0
ec:1.1.1.44,1.0,0.0,0.0,0.0,0.0,0.0
ec:1.1.1.49,1.0,0.0,0.0,0.0,0.0,0.0
ec:1.1.1.79,1.0,0.0,0.0,0.0,0.0,0.0
ec:1.1.1.8,1.0,0.0,0.0,0.0,0.0,0.0
ec:1.1.1.81,1.0,0.0,0.0,0.0,0.0,0.0
ec:1.1.1.95,1.0,0.0,0.0,0.0,0.0,0.0
ec:1.1.3.15,1.0,0.0,0.0,0.0,0.0,0.0
ec:1.1.3.16,1.0,0.0,0.0,0.0,0.0,0.0
ec:1.1.4.1,1.0,0.0,0.0,0.0,0.0,0.0
ec:1.1.5.3,1.0,0.0,0.0,0.0,0.0,0.0
ec:1.1.99.1,1.0,0.0,0.0,0.0,0.0,0.0
ec:1.11.1.6,1.0,0.0,0.0,0.0,0.0,0.0
ec:1.11.1.7,1.0,0.0,0.0,0.0,0.0,0.0
ec:1.11.1.9,1.0,0.0,0.0,0.0,0.0,0.0
ec:1.13.11.11,1.0,0.0,0.0,0.0,0.0,0.0
ec:1.13.11.20,1.0,0.0,0.0,0.0,0.0,0.0
ec:1.13.11.27,1.0,0.0,0.0,0.0,0.0,0.0
ec:1.13.11.5,1.0,0.0,0.0,0.0,0.0,0.0
ec:1.13.11.53,1.0,0.0,0.0,0.0,0.0,0.0
ec:1.13.11.54,1.0,0.0,0.0,0.0,0.0,0.0
ec:1.13.99.1,1.0,0.0,0.0,0.0,0.0,0.0
ec:1.14.11.1,1.0,0.0,0.0,0.0,0.0,0.0
ec:1.14.11.2,1.0,0.0,0.0,0.0,0.0,0.0
ec:1.14.11.4,1.0,0.0,0.0,0.0,0.0,0.0
ec:1.14.13.39,1.0,0.0,0.0,0.0,0.0,0.0
ec:1.14.13.9,1.0,0.0,0.0,0.0,0.0,0.0
ec:1.14.16.1,1.0,0.0,0.0,0.0,0.0,0.0
ec:1.14.16.2,1.0,0.0,0.0,0.0,0.0,0.0
ec:1.14.17.1,1.0,0.0,0.0,0.0,0.0,0.0
ec:1.14.18.1,1.0,0.0,0.0,0.0,0.0,0.0
ec:1.14.99.22,1.0,0.0,0.0,0.0,0.0,0.0
ec:1.16.3.1,1.0,0.0,0.0,0.0,0.0,0.0
ec:1.17.1.4,1.0,0.0,0.0,0.0,0.0,0.0
ec:1.17.3.2,1.0,0.0,0.0,0.0,0.0,0.0
ec:1.17.4.1,1.0,0.0,0.0,0.0,0.0,0.0
ec:1.2.1.12,1.0,0.0,0.0,0.0,0.0,0.0
ec:1.2.1.18,1.0,0.0,0.0,0.0,0.0,0.0
ec:1.2.1.24,1.0,0.0,0.0,0.0,0.0,0.0
ec:1.2.1.27,1.0,0.0,0.0,0.0,0.0,0.0
ec:1.2.1.3,1.0,0.0,0.0,0.0,0.0,0.0
ec:1.2.1.31,1.0,0.0,0.0,0.0,0.0,0.0
ec:1.2.1.41,1.0,0.0,0.0,0.0,0.0,0.0
ec:1.2.1.5,1.0,0.0,0.0,0.0,0.0,0.0
ec:1.2.1.8,1.0,0.0,0.0,0.0,0.0,0.0
ec:1.2.4.1,1.0,0.0,0.0,0.0,0.0,0.0
ec:1.2.4.2,1.0,0.0,0.0,0.0,0.0,0.0
ec:1.2.4.4,1.0,0.0,0.0,0.0,0.0,0.0
ec:1.3.1.2,1.0,0.0,0.0,0.0,0.0,0.0
ec:1.3.1.38,1.0,0.0,0.0,0.0,0.0,0.0
ec:1.3.1.93,1.0,0.0,0.0,0.0,0.0,0.0
ec:1.3.3.3,1.0,0.0,0.0,0.0,0.0,0.0
ec:1.3.3.4,1.0,0.0,0.0,0.0,0.0,0.0
ec:1.3.3.6,1.0,0.0,0.0,0.0,0.0,0.0
ec:1.3.5.1,1.0,0.0,0.0,0.0,0.0,0.0
ec:1.3.5.2,1.0,0.0,0.0,0.0,0.0,0.0
ec:1.3.8.1,1.0,0.0,0.0,0.0,0.0,0.0
ec:1.3.8.4,1.0,0.0,0.0,0.0,0.0,0.0
ec:1.3.8.6,1.0,0.0,0.0,0.0,0.0,0.0
ec:1.3.8.7,1.0,0.0,0.0,0.0,0.0,0.0
ec:1.3.8.9,1.0,0.0,0.0,0.0,0.0,0.0
ec:1.3.99.12,1.0,0.0,0.0,0.0,0.0,0.0
ec:1.4.1.13,1.0,0.0,0.0,0.0,0.0,0.0
ec:1.4.1.14,1.0,0.0,0.0,0.0,0.0,0.0
ec:1.4.1.3,1.0,0.0,0.0,0.0,0.0,0.0
ec:1.4.3.1,1.0,0.0,0.0,0.0,0.0,0.0
ec:1.4.3.3,1.0,0.0,0.0,0.0,0.0,0.0
ec:1.4.3.5,1.0,0.0,0.0,0.0,0.0,0.0
ec:1.4.4.2,1.0,0.0,0.0,0.0,0.0,0.0
ec:1.5.1.12,1.0,0.0,0.0,0.0,0.0,0.0
ec:1.5.1.15,1.0,0.0,0.0,0.0,0.0,0.0
ec:1.5.1.2,1.0,0.0,0.0,0.0,0.0,0.0
ec:1.5.1.20,1.0,0.0,0.0,0.0,0.0,0.0
ec:1.5.1.3,1.0,0.0,0.0,0.0,0.0,0.0
ec:1.5.1.34,1.0,0.0,0.0,0.0,0.0,0.0
ec:1.5.1.5,1.0,0.0,0.0,0.0,0.0,0.0
ec:1.5.1.6,1.0,0.0,0.0,0.0,0.0,0.0
ec:1.5.1.8,1.0,0.0,0.0,0.0,0.0,0.0
ec:1.5.1.9,1.0,0.0,0.0,0.0,0.0,0.0
ec:1.5.4.1,1.0,0.0,0.0,0.0,0.0,0.0
ec:1.5.8.3,1.0,0.0,0.0,0.0,0.0,0.0
ec:1.5.99.8,1.0,0.0,0.0,0.0,0.0,0.0
ec:1.7.3.3,1.0,0.0,0.0,0.0,0.0,0.0
ec:1.8.1.4,1.0,0.0,0.0,0.0,0.0,0.0
ec:1.8.1.9,1.0,0.0,0.0,0.0,0.0,0.0
ec:1.8.3.1,1.0,0.0,0.0,0.0,0.0,0.0
ec:2.1.1.10,0.0,1.0,0.0,0.0,0.0,0.0
ec:2.1.1.100,0.0,1.0,0.0,0.0,0.0,0.0
ec:2.1.1.20,0.0,1.0,0.0,0.0,0.0,0.0
ec:2.1.1.43,0.0,1.0,0.0,0.0,0.0,0.0
ec:2.1.1.45,0.0,1.0,0.0,0.0,0.0,0.0
ec:2.1.2.1,0.0,1.0,0.0,0.0,0.0,0.0
ec:2.1.2.10,0.0,1.0,0.0,0.0,0.0,0.0
ec:2.1.2.2,0.0,1.0,0.0,0.0,0.0,0.0
ec:2.1.2.3,0.0,1.0,0.0,0.0,0.0,0.0
ec:2.1.2.9,0.0,1.0,0.0,0.0,0.0,0.0
ec:2.1.3.2,0.0,1.0,0.0,0.0,0.0,0.0
ec:2.2.1.1,0.0,1.0,0.0,0.0,0.0,0.0
ec:2.2.1.2,0.0,1.0,0.0,0.0,0.0,0.0
ec:2.3.1.12,0.0,1.0,0.0,0.0,0.0,0.0
ec:2.3.1.15,0.0,1.0,0.0,0.0,0.0,0.0
ec:2.3.1.16,0.0,1.0,0.0,0.0,0.0,0.0
ec:2.3.1.168,0.0,1.0,0.0,0.0,0.0,0.0
ec:2.3.1.179,0.0,1.0,0.0,0.0,0.0,0.0
ec:2.3.1.181,0.0,1.0,0.0,0.0,0.0,0.0
ec:2.3.1.20,0.0,1.0,0.0,0.0,0.0,0.0
ec:2.3.1.21,0.0,1.0,0.0,0.0,0.0,0.0
ec:2.3.1.23,0.0,1.0,0.0,0.0,0.0,0.0
ec:2.3.1.24,0.0,1.0,0.0,0.0,0.0,0.0
ec:2.3.1.29,0.0,1.0,0.0,0.0,0.0,0.0
ec:2.3.1.37,0.0,1.0,0.0,0.0,0.0,0.0
ec:2.3.1.39,0.0,1.0,0.0,0.0,0.0,0.0
ec:2.3.1.4,0.0,1.0,0.0,0.0,0.0,0.0
ec:2.3.1.42,0.0,1.0,0.0,0.0,0.0,0.0
ec:2.3.1.50,0.0,1.0,0.0,0.0,0.0,0.0
ec:2.3.1.51,0.0,1.0,0.0,0.0,0.0,0.0
ec:2.3.1.6,0.0,1.0,0.0,0.0,0.0,0.0
ec:2.3.1.61,0.0,1.0,0.0,0.0,0.0,0.0
ec:2.3.1.67,0.0,1.0,0.0,0.0,0.0,0.0
ec:2.3.1.76,0.0,1.0,0.0,0.0,0.0,0.0
ec:2.3.1.78,0.0,1.0,0.0,0.0,0.0,0.0
ec:2.3.1.85,0.0,1.0,0.0,0.0,0.0,0.0
ec:2.3.1.87,0.0,1.0,0.0,0.0,0.0,0.0
ec:2.3.1.9,0.0,1.0,0.0,0.0,0.0,0.0
ec:2.3.2.2,0.0,1.0,0.0,0.0,0.0,0.0
ec:2.3.3.1,0.0,1.0,0.0,0.0,0.0,0.0
ec:2.3.3.10,0.0,1.0,0.0,0.0,0.0,0.0
ec:2.3.3.8,0.0,1.0,0.0,0.0,0.0,0.0
ec:2.4.1.1,0.0,1.0,0.0,0.0,0.0,0.0
ec:2.4.1.101,0.0,1.0,0.0,0.0,0.0,0.0
ec:2.4.1.11,0.0,1.0,0.0,0.0,0.0,0.0
ec:2.4.1.117,0.0,1.0,0.0,0.0,0.0,0.0
ec:2.4.1.122,0.0,1.0,0.0,0.0,0.0,0.0
ec:2.4.1.132,0.0,1.0,0.0,0.0,0.0,0.0
ec:2.4.1.133,0.0,1.0,0.0,0.0,0.0,0.0
ec:2.4.1.134,0.0,1.0,0.0,0.0,0.0,0.0
ec:2.4.1.135,0.0,1.0,0.0,0.0,0.0,0.0
ec:2.4.1.142,0.0,1.0,0.0,0.0,0.0,0.0
ec:2.4.1.143,0.0,1.0,0.0,0.0,0.0,0.0
ec:2.4.1.144,0.0,1.0,0.0,0.0,0.0,0.0
ec:2.4.1.145,0.0,1.0,0.0,0.0,0.0,0.0
ec:2.4.1.15,0.0,1.0,0.0,0.0,0.0,0.0
ec:2.4.1.16,0.0,1.0,0.0,0.0,0.0,0.0
ec:2.4.1.17,0.0,1.0,0.0,0.0,0.0,0.0
ec:2.4.1.174,0.0,1.0,0.0,0.0,0.0,0.0
ec:2.4.1.175,0.0,1.0,0.0,0.0,0.0,0.0
ec:2.4.1.18,0.0,1.0,0.0,0.0,0.0,0.0
ec:2.4.1.198,0.0,1.0,0.0,0.0,0.0,0.0
ec:2.4.1.226,0.0,1.0,0.0,0.0,0.0,0.0
ec:2.4.1.228,0.0,1.0,0.0,0.0,0.0,0.0
ec:2.4.1.25,0.0,1.0,0.0,0.0,0.0,0.0
ec:2.4.1.256,0.0,1.0,0.0,0.0,0.0,0.0
ec:2.4.1.257,0.0,1.0,0.0,0.0,0.0,0.0
ec:2.4.1.258,0.0,1.0,0.0,0.0,0.0,0.0
ec:2.4.1.259,0.0,1.0,0.0,0.0,0.0,0.0
ec:2.4.1.260,0.0,1.0,0.0,0.0,0.0,0.0
ec:2.4.1.261,0.0,1.0,0.0,0.0,0.0,0.0
ec:2.4.1.265,0.0,1.0,0.0,0.0,0.0,0.0
ec:2.4.1.267,0.0,1.0,0.0,0.0,0.0,0.0
ec:2.4.1.41,0.0,1.0,0.0,0.0,0.0,0.0
ec:2.4.1.50,0.0,1.0,0.0,0.0,0.0,0.0
ec:2.4.1.68,0.0,1.0,0.0,0.0,0.0,0.0
ec:2.4.1.80,0.0,1.0,0.0,0.0,0.0,0.0
ec:2.4.2.1,0.0,1.0,0.0,0.0,0.0,0.0
ec:2.4.2.10,0.0,1.0,0.0,0.0,0.0,0.0
ec:2.4.2.11,0.0,1.0,0.0,0.0,0.0,0.0
ec:2.4.2.14,0.0,1.0,0.0,0.0,0.0,0.0
ec:2.4.2.26,0.0,1.0,0.0,0.0,0.0,0.0
ec:2.4.2.28,0.0,1.0,0.0,0.0,0.0,0.0
ec:2.4.2.3,0.0,1.0,0.0,0.0,0.0,0.0
ec:2.4.2.7,0.0,1.0,0.0,0.0,0.0,0.0
ec:2.4.2.9,0.0,1.0,0.0,0.0,0.0,0.0
ec:2.5.1.1,0.0,1.0,0.0,0.0,0.0,0.0
ec:2.5.1.10,0.0,1.0,0.0,0.0,0.0,0.0
ec:2.5.1.16,0.0,1.0,0.0,0.0,0.0,0.0
ec:2.5.1.18,0.0,1.0,0.0,0.0,0.0,0.0
ec:2.5.1.22,0.0,1.0,0.0,0.0,0.0,0.0
ec:2.5.1.29,0.0,1.0,0.0,0.0,0.0,0.0
ec:2.5.1.56,0.0,1.0,0.0,0.0,0.0,0.0
ec:2.5.1.57,0.0,1.0,0.0,0.0,0.0,0.0
ec:2.5.1.58,0.0,1.0,0.0,0.0,0.0,0.0
ec:2.5.1.6,0.0,1.0,0.0,0.0,0.0,0.0
ec:2.5.1.61,0.0,1.0,0.0,0.0,0.0,0.0
ec:2.5.1.87,0.0,1.0,0.0,0.0,0.0,0.0
ec:2.5.1.91,0.0,1.0,0.0,0.0,0.0,0.0
ec:2.6.1.1,0.0,1.0,0.0,0.0,0.0,0.0
ec:2.6.1.13,0.0,1.0,0.0,0.0,0.0,0.0
ec:2.6.1.16,0.0,1.0,0.0,0.0,0.0,0.0
ec:2.6.1.19,0.0,1.0,0.0,0.0,0.0,0.0
ec:2.6.1.22,0.0,1.0,0.0,0.0,0.0,0.0
ec:2.6.1.42,0.0,1.0,0.0,0.0,0.0,0.0
ec:2.6.1.44,0.0,1.0,0.0,0.0,0.0,0.0
ec:2.6.1.45,0.0,1.0,0.0,0.0,0.0,0.0
ec:2.6.1.5,0.0,1.0,0.0,0.0,0.0,0.0
ec:2.6.1.51,0.0,1.0,0.0,0.0,0.0,0.0
ec:2.6.1.52,0.0,1.0,0.0,0.0,0.0,0.0
ec:2.6.1.7,0.0,1.0,0.0,0.0,0.0,0.0
ec:2.7.1.1,0.0,1.0,0.0,0.0,0.0,0.0
ec:2.7.1.105,0.0,1.0,0.0,0.0,0.0,0.0
ec:2.7.1.107,0.0,1.0,0.0,0.0,0.0,0.0
ec:2.7.1.108,0.0,1.0,0.0,0.0,0.0,0.0
ec:2.7.1.11,0.0,1.0,0.0,0.0,0.0,0.0
ec:2.7.1.127,0.0,1.0,0.0,0.0,0.0,0.0
ec:2.7.1.137,0.0,1.0,0.0,0.0,0.0,0.0
ec:2.7.1.138,0.0,1.0,0.0,0.0,0.0,0.0
ec:2.7.1.15,0.0,1.0,0.0,0.0,0.0,0.0
ec:2.7.1.150,0.0,1.0,0.0,0.0,0.0,0.0
ec:2.7.1.153,0.0,1.0,0.0,0.0,0.0,0.0
ec:2.7.1.154,0.0,1.0,0.0,0.0,0.0,0.0
ec:2.7.1.164,0.0,1.0,0.0,0.0,0.0,0.0
ec:2.7.1.17,0.0,1.0,0.0,0.0,0.0,0.0
ec:2.7.1.20,0.0,1.0,0.0,0.0,0.0,0.0
ec:2.7.1.23,0.0,1.0,0.0,0.0,0.0,0.0
ec:2.7.1.24,0.0,1.0,0.0,0.0,0.0,0.0
ec:2.7.1.25,0.0,1.0,0.0,0.0,0.0,0.0
ec:2.7.1.26,0.0,1.0,0.0,0.0,0.0,0.0
ec:2.7.1.3,0.0,1.0,0.0,0.0,0.0,0.0
ec:2.7.1.30,0.0,1.0,0.0,0.0,0.0,0.0
ec:2.7.1.31,0.0,1.0,0.0,0.0,0.0,0.0
ec:2.7.1.32,0.0,1.0,0.0,0.0,0.0,0.0
ec:2.7.1.33,0.0,1.0,0.0,0.0,0.0,0.0
ec:2.7.1.35,0.0,1.0,0.0,0.0,0.0,0.0
ec:2.7.1.36,0.0,1.0,0.0,0.0,0.0,0.0
ec:2.7.1.40,0.0,1.0,0.0,0.0,0.0,0.0
ec:2.7.1.48,0.0,1.0,0.0,0.0,0.0,0.0
ec:2.7.1.59,0.0,1.0,0.0,0.0,0.0,0.0
ec:2.7.1.6,0.0,1.0,0.0,0.0,0.0,0.0
ec:2.7.1.67,0.0,1.0,0.0,0.0,0.0,0.0
ec:2.7.1.68,0.0,1.0,0.0,0.0,0.0,0.0
ec:2.7.1.82,0.0,1.0,0.0,0.0,0.0,0.0
ec:2.7.1.83,0.0,1.0,0.0,0.0,0.0,0.0
ec:2.7.1.91,0.0,1.0,0.0,0.0,0.0,0.0
ec:2.7.1.94,0.0,1.0,0.0,0.0,0.0,0.0
ec:2.7.2.11,0.0,1.0,0.0,0.0,0.0,0.0
ec:2.7.2.3,0.0,1.0,0.0,0.0,0.0,0.0
ec:2.7.3.3,0.0,1.0,0.0,0.0,0.0,0.0
ec:2.7.4.14,0.0,1.0,0.0,0.0,0.0,0.0
ec:2.7.4.2,0.0,1.0,0.0,0.0,0.0,0.0
ec:2.7.4.3,0.0,1.0,0.0,0.0,0.0,0.0
ec:2.7.4.6,0.0,1.0,0.0,0.0,0.0,0.0
ec:2.7.4.8,0.0,1.0,0.0,0.0,0.0,0.0
ec:2.7.4.9,0.0,1.0,0.0,0.0,0.0,0.0
ec:2.7.6.1,0.0,1.0,0.0,0.0,0.0,0.0
ec:2.7.6.2,0.0,1.0,0.0,0.0,0.0,0.0
ec:2.7.7.1,0.0,1.0,0.0,0.0,0.0,0.0
ec:2.7.7.12,0.0,1.0,0.0,0.0,0.0,0.0
ec:2.7.7.13,0.0,1.0,0.0,0.0,0.0,0.0
ec:2.7.7.14,0.0,1.0,0.0,0.0,0.0,0.0
ec:2.7.7.15,0.0,1.0,0.0,0.0,0.0,0.0
ec:2.7.7.18,0.0,1.0,0.0,0.0,0.0,0.0
ec:2.7.7.2,0.0,1.0,0.0,0.0,0.0,0.0
ec:2.7.7.23,0.0,1.0,0.0,0.0,0.0,0.0
ec:2.7.7.3,0.0,1.0,0.0,0.0,0.0,0.0
ec:2.7.7.4,0.0,1.0,0.0,0.0,0.0,0.0
ec:2.7.7.41,0.0,1.0,0.0,0.0,0.0,0.0
ec:2.7.7.43,0.0,1.0,0.0,0.0,0.0,0.0
ec:2.7.7.6,0.0,1.0,0.0,0.0,0.0,0.0
ec:2.7.7.7,0.0,1.0,0.0,0.0,0.0,0.0
ec:2.7.7.8,0.0,1.0,0.0,0.0,0.0,0.0
ec:2.7.7.9,0.0,1.0,0.0,0.0,0.0,0.0
ec:2.7.8.1,0.0,1.0,0.0,0.0,0.0,0.0
ec:2.7.8.11,0.0,1.0,0.0,0.0,0.0,0.0
ec:2.7.8.15,0.0,1.0,0.0,0.0,0.0,0.0
ec:2.7.8.5,0.0,1.0,0.0,0.0,0.0,0.0
ec:2.7.9.3,0.0,1.0,0.0,0.0,0.0,0.0
ec:2.8.1.2,0.0,1.0,0.0,0.0,0.0,0.0
ec:2.8.1.8,0.0,1.0,0.0,0.0,0.0,0.0
ec:2.8.2.1,0.0,1.0,0.0,0.0,0.0,0.0
ec:2.8.3.5,0.0,1.0,0.0,0.0,0.0,0.0
ec:2.9.1.2,0.0,1.0,0.0,0.0,0.0,0.0
ec:3.1.1.1,0.0,0.0,1.0,0.0,0.0,0.0
ec:3.1.1.3,0.0,0.0,1.0,0.0,0.0,0.0
ec:3.1.1.31,0.0,0.0,1.0,0.0,0.0,0.0
ec:3.1.1.32,0.0,0.0,1.0,0.0,0.0,0.0
ec:3.1.1.34,0.0,0.0,1.0,0.0,0.0,0.0
ec:3.1.1.4,0.0,0.0,1.0,0.0,0.0,0.0
ec:3.1.1.47,0.0,0.0,1.0,0.0,0.0,0.0
ec:3.1.1.5,0.0,0.0,1.0,0.0,0.0,0.0
ec:3.1.1.7,0.0,0.0,1.0,0.0,0.0,0.0
ec:3.1.2.22,0.0,0.0,1.0,0.0,0.0,0.0
ec:3.1.2.4,0.0,0.0,1.0,0.0,0.0,0.0
ec:3.1.2.6,0.0,0.0,1.0,0.0,0.0,0.0
ec:3.1.3.1,0.0,0.0,1.0,0.0,0.0,0.0
ec:3.1.3.11,0.0,0.0,1.0,0.0,0.0,0.0
ec:3.1.3.12,0.0,0.0,1.0,0.0,0.0,0.0
ec:3.1.3.2,0.0,0.0,1.0,0.0,0.0,0.0
ec:3.1.3.25,0.0,0.0,1.0,0.0,0.0,0.0
ec:3.1.3.3,0.0,0.0,1.0,0.0,0.0,0.0
ec:3.1.3.36,0.0,0.0,1.0,0.0,0.0,0.0
ec:3.1.3.4,0.0,0.0,1.0,0.0,0.0,0.0
ec:3.1.3.46,0.0,0.0,1.0,0.0,0.0,0.0
ec:3.1.3.5,0.0,0.0,1.0,0.0,0.0,0.0
ec:3.1.3.56,0.0,0.0,1.0,0.0,0.0,0.0
ec:3.1.3.57,0.0,0.0,1.0,0.0,0.0,0.0
ec:3.1.3.62,0.0,0.0,1.0,0.0,0.0,0.0
ec:3.1.3.66,0.0,0.0,1.0,0.0,0.0,0.0
ec:3.1.3.67,0.0,0.0,1.0,0.0,0.0,0.0
ec:3.1.3.7,0.0,0.0,1.0,0.0,0.0,0.0
ec:3.1.3.74,0.0,0.0,1.0,0.0,0.0,0.0
ec:3.1.3.77,0.0,0.0,1.0,0.0,0.0,0.0
ec:3.1.3.9,0.0,0.0,1.0,0.0,0.0,0.0
ec:3.1.4.11,0.0,0.0,1.0,0.0,0.0,0.0
ec:3.1.4.12,0.0,0.0,1.0,0.0,0.0,0.0
ec:3.1.4.17,0.0,0.0,1.0,0.0,0.0,0.0
ec:3.1.4.35,0.0,0.0,1.0,0.0,0.0,0.0
ec:3.1.4.4,0.0,0.0,1.0,0.0,0.0,0.0
ec:3.1.6.12,0.0,0.0,1.0,0.0,0.0,0.0
ec:3.1.6.13,0.0,0.0,1.0,0.0,0.0,0.0
ec:3.1.6.14,0.0,0.0,1.0,0.0,0.0,0.0
ec:3.1.7.2,0.0,0.0,1.0,0.0,0.0,0.0
ec:3.10.1.1,0.0,0.0,1.0,0.0,0.0,0.0
ec:3.2.1.1,0.0,0.0,1.0,0.0,0.0,0.0
ec:3.2.1.106,0.0,0.0,1.0,0.0,0.0,0.0
ec:3.2.1.113,0.0,0.0,1.0,0.0,0.0,0.0
ec:3.2.1.114,0.0,0.0,1.0,0.0,0.0,0.0
ec:3.2.1.14,0.0,0.0,1.0,0.0,0.0,0.0
ec:3.2.1.20,0.0,0.0,1.0,0.0,0.0,0.0
ec:3.2.1.22,0.0,0.0,1.0,0.0,0.0,0.0
ec:3.2.1.23,0.0,0.0,1.0,0.0,0.0,0.0
ec:3.2.1.28,0.0,0.0,1.0,0.0,0.0,0.0
ec:3.2.1.31,0.0,0.0,1.0,0.0,0.0,0.0
ec:3.2.1.33,0.0,0.0,1.0,0.0,0.0,0.0
ec:3.2.1.45,0.0,0.0,1.0,0.0,0.0,0.0
ec:3.2.1.49,0.0,0.0,1.0,0.0,0.0,0.0
ec:3.2.1.50,0.0,0.0,1.0,0.0,0.0,0.0
ec:3.2.1.52,0.0,0.0,1.0,0.0,0.0,0.0
ec:3.2.1.76,0.0,0.0,1.0,0.0,0.0,0.0
ec:3.2.1.84,0.0,0.0,1.0,0.0,0.0,0.0
ec:3.3.1.1,0.0,0.0,1.0,0.0,0.0,0.0
ec:3.4.11.1,0.0,0.0,1.0,0.0,0.0,0.0
ec:3.4.11.2,0.0,0.0,1.0,0.0,0.0,0.0
ec:3.4.11.5,0.0,0.0,1.0,0.0,0.0,0.0
ec:3.4.13.18,0.0,0.0,1.0,0.0,0.0,0.0
ec:3.4.19.9,0.0,0.0,1.0,0.0,0.0,0.0
ec:3.4.24.84,0.0,0.0,1.0,0.0,0.0,0.0
ec:3.5.1.12,0.0,0.0,1.0,0.0,0.0,0.0
ec:3.5.1.14,0.0,0.0,1.0,0.0,0.0,0.0
ec:3.5.1.2,0.0,0.0,1.0,0.0,0.0,0.0
ec:3.5.1.23,0.0,0.0,1.0,0.0,0.0,0.0
ec:3.5.1.25,0.0,0.0,1.0,0.0,0.0,0.0
ec:3.5.1.3,0.0,0.0,1.0,0.0,0.0,0.0
ec:3.5.1.6,0.0,0.0,1.0,0.0,0.0,0.0
ec:3.5.1.89,0.0,0.0,1.0,0.0,0.0,0.0
ec:3.5.2.17,0.0,0.0,1.0,0.0,0.0,0.0
ec:3.5.2.2,0.0,0.0,1.0,0.0,0.0,0.0
ec:3.5.2.3,0.0,0.0,1.0,0.0,0.0,0.0
ec:3.5.2.9,0.0,0.0,1.0,0.0,0.0,0.0
ec:3.5.3.1,0.0,0.0,1.0,0.0,0.0,0.0
ec:3.5.4.10,0.0,0.0,1.0,0.0,0.0,0.0
ec:3.5.4.12,0.0,0.0,1.0,0.0,0.0,0.0
ec:3.5.4.16,0.0,0.0,1.0,0.0,0.0,0.0
ec:3.5.4.3,0.0,0.0,1.0,0.0,0.0,0.0
ec:3.5.4.4,0.0,0.0,1.0,0.0,0.0,0.0
ec:3.5.4.5,0.0,0.0,1.0,0.0,0.0,0.0
ec:3.5.4.6,0.0,0.0,1.0,0.0,0.0,0.0
ec:3.5.4.9,0.0,0.0,1.0,0.0,0.0,0.0
ec:3.5.99.6,0.0,0.0,1.0,0.0,0.0,0.0
ec:3.6.1.1,0.0,0.0,1.0,0.0,0.0,0.0
ec:3.6.1.11,0.0,0.0,1.0,0.0,0.0,0.0
ec:3.6.1.13,0.0,0.0,1.0,0.0,0.0,0.0
ec:3.6.1.15,0.0,0.0,1.0,0.0,0.0,0.0
ec:3.6.1.17,0.0,0.0,1.0,0.0,0.0,0.0
ec:3.6.1.19,0.0,0.0,1.0,0.0,0.0,0.0
ec:3.6.1.23,0.0,0.0,1.0,0.0,0.0,0.0
ec:3.6.1.3,0.0,0.0,1.0,0.0,0.0,0.0
ec:3.6.1.6,0.0,0.0,1.0,0.0,0.0,0.0
ec:3.6.1.7,0.0,0.0,1.0,0.0,0.0,0.0
ec:3.6.3.14,0.0,0.0,1.0,0.0,0.0,0.0
ec:3.7.1.2,0.0,0.0,1.0,0.0,0.0,0.0
ec:4.1.1.15,0.0,0.0,0.0,1.0,0.0,0.0
ec:4.1.1.17,0.0,0.0,0.0,1.0,0.0,0.0
ec:4.1.1.21,0.0,0.0,0.0,1.0,0.0,0.0
ec:4.1.1.22,0.0,0.0,0.0,1.0,0.0,0.0
ec:4.1.1.23,0.0,0.0,0.0,1.0,0.0,0.0
ec:4.1.1.28,0.0,0.0,0.0,1.0,0.0,0.0
ec:4.1.1.29,0.0,0.0,0.0,1.0,0.0,0.0
ec:4.1.1.32,0.0,0.0,0.0,1.0,0.0,0.0
ec:4.1.1.33,0.0,0.0,0.0,1.0,0.0,0.0
ec:4.1.1.35,0.0,0.0,0.0,1.0,0.0,0.0
ec:4.1.1.36,0.0,0.0,0.0,1.0,0.0,0.0
ec:4.1.1.37,0.0,0.0,0.0,1.0,0.0,0.0
ec:4.1.1.50,0.0,0.0,0.0,1.0,0.0,0.0
ec:4.1.1.65,0.0,0.0,0.0,1.0,0.0,0.0
ec:4.1.1.90,0.0,0.0,0.0,1.0,0.0,0.0
ec:4.1.2.13,0.0,0.0,0.0,1.0,0.0,0.0
ec:4.1.2.27,0.0,0.0,0.0,1.0,0.0,0.0
ec:4.1.2.4,0.0,0.0,0.0,1.0,0.0,0.0
ec:4.1.2.5,0.0,0.0,0.0,1.0,0.0,0.0
ec:4.1.3.4,0.0,0.0,0.0,1.0,0.0,0.0
ec:4.2.1.109,0.0,0.0,0.0,1.0,0.0,0.0
ec:4.2.1.11,0.0,0.0,0.0,1.0,0.0,0.0
ec:4.2.1.134,0.0,0.0,0.0,1.0,0.0,0.0
ec:4.2.1.17,0.0,0.0,0.0,1.0,0.0,0.0
ec:4.2.1.18,0.0,0.0,0.0,1.0,0.0,0.0
ec:4.2.1.2,0.0,0.0,0.0,1.0,0.0,0.0
ec:4.2.1.22,0.0,0.0,0.0,1.0,0.0,0.0
ec:4.2.1.24,0.0,0.0,0.0,1.0,0.0,0.0
ec:4.2.1.3,0.0,0.0,0.0,1.0,0.0,0.0
ec:4.2.1.47,0.0,0.0,0.0,1.0,0.0,0.0
ec:4.2.1.75,0.0,0.0,0.0,1.0,0.0,0.0
ec:4.2.3.12,0.0,0.0,0.0,1.0,0.0,0.0
ec:4.3.1.19,0.0,0.0,0.0,1.0,0.0,0.0
ec:4.3.2.1,0.0,0.0,0.0,1.0,0.0,0.0
ec:4.3.2.2,0.0,0.0,0.0,1.0,0.0,0.0
ec:4.4.1.1,0.0,0.0,0.0,1.0,0.0,0.0
ec:4.4.1.17,0.0,0.0,0.0,1.0,0.0,0.0
ec:4.4.1.5,0.0,0.0,0.0,1.0,0.0,0.0
ec:4.6.1.1,0.0,0.0,0.0,1.0,0.0,0.0
ec:4.6.1.2,0.0,0.0,0.0,1.0,0.0,0.0
ec:4.99.1.1,0.0,0.0,0.0,1.0,0.0,0.0
ec:5.1.3.1,0.0,0.0,0.0,0.0,1.0,0.0
ec:5.1.3.15,0.0,0.0,0.0,0.0,1.0,0.0
ec:5.1.3.2,0.0,0.0,0.0,0.0,1.0,0.0
ec:5.1.3.3,0.0,0.0,0.0,0.0,1.0,0.0
ec:5.2.1.2,0.0,0.0,0.0,0.0,1.0,0.0
ec:5.3.1.1,0.0,0.0,0.0,0.0,1.0,0.0
ec:5.3.1.22,0.0,0.0,0.0,0.0,1.0,0.0
ec:5.3.1.23,0.0,0.0,0.0,0.0,1.0,0.0
ec:5.3.1.6,0.0,0.0,0.0,0.0,1.0,0.0
ec:5.3.1.8,0.0,0.0,0.0,0.0,1.0,0.0
ec:5.3.1.9,0.0,0.0,0.0,0.0,1.0,0.0
ec:5.3.3.2,0.0,0.0,0.0,0.0,1.0,0.0
ec:5.4.2.1,0.0,0.0,0.0,0.0,1.0,0.0
ec:5.4.2.2,0.0,0.0,0.0,0.0,1.0,0.0
ec:5.4.2.3,0.0,0.0,0.0,0.0,1.0,0.0
ec:5.4.2.8,0.0,0.0,0.0,0.0,1.0,0.0
ec:5.5.1.4,0.0,0.0,0.0,0.0,1.0,0.0
ec:6.1.1.10,0.0,0.0,0.0,0.0,0.0,1.0
ec:6.1.1.11,0.0,0.0,0.0,0.0,0.0,1.0
ec:6.2.1.1,0.0,0.0,0.0,0.0,0.0,1.0
ec:6.2.1.17,0.0,0.0,0.0,0.0,0.0,1.0
ec:6.2.1.3,0.0,0.0,0.0,0.0,0.0,1.0
ec:6.2.1.4,0.0,0.0,0.0,0.0,0.0,1.0
ec:6.2.1.5,0.0,0.0,0.0,0.0,0.0,1.0
ec:6.3.1.2,0.0,0.0,0.0,0.0,0.0,1.0
ec:6.3.2.17,0.0,0.0,0.0,0.0,0.0,1.0
ec:6.3.2.2,0.0,0.0,0.0,0.0,0.0,1.0
ec:6.3.2.3,0.0,0.0,0.0,0.0,0.0,1.0
ec:6.3.2.5,0.0,0.0,0.0,0.0,0.0,1.0
ec:6.3.2.6,0.0,0.0,0.0,0.0,0.0,1.0
ec:6.3.3.1,0.0,0.0,0.0,0.0,0.0,1.0
ec:6.3.4.10,0.0,0.0,0.0,0.0,0.0,1.0
ec:6.3.4.11,0.0,0.0,0.0,0.0,0.0,1.0
ec:6.3.4.13,0.0,0.0,0.0,0.0,0.0,1.0
ec:6.3.4.14,0.0,0.0,0.0,0.0,0.0,1.0
ec:6.3.4.15,0.0,0.0,0.0,0.0,0.0,1.0
ec:6.3.4.2,0.0,0.0,0.0,0.0,0.0,1.0
ec:6.3.4.3,0.0,0.0,0.0,0.0,0.0,1.0
ec:6.3.4.4,0.0,0.0,0.0,0.0,0.0,1.0
ec:6.3.4.5,0.0,0.0,0.0,0.0,0.0,1.0
ec:6.3.4.9,0.0,0.0,0.0,0.0,0.0,1.0
ec:6.3.5.1,0.0,0.0,0.0,0.0,0.0,1.0
ec:6.3.5.2,0.0,0.0,0.0,0.0,0.0,1.0
ec:6.3.5.3,0.0,0.0,0.0,0.0,0.0,1.0
ec:6.3.5.4,0.0,0.0,0.0,0.0,0.0,1.0
ec:6.3.5.5,0.0,0.0,0.0,0.0,0.0,1.0
ec:6.4.1.1,0.0,0.0,0.0,0.0,0.0,1.0
ec:6.4.1.2,0.0,0.0,0.0,0.0,0.0,1.0
ec:6.4.1.4,0.0,0.0,0.0,0.0,0.0,1.0
