"","EC1","EC2","EC3","EC4","EC5","EC6"
"ec:1.1.1.1",1.71289544432416,-0.769633435105719,-0.499197725886915,-0.276939254580926,-0.222105211871096,-0.242545554921874
"ec:1.1.1.10",1.71289544432416,-0.769633435105719,-0.499197725886915,-0.276939254580926,-0.222105211871096,-0.242545554921874
"ec:1.1.1.102",1.71289544432416,-0.769633435105719,-0.499197725886915,-0.276939254580926,-0.222105211871096,-0.242545554921874
"ec:1.1.1.105",1.71289544432416,-0.769633435105719,-0.499197725886915,-0.276939254580926,-0.222105211871096,-0.242545554921874
"ec:1.1.1.14",1.71289544432416,-0.769633435105719,-0.499197725886915,-0.276939254580926,-0.222105211871096,-0.242545554921874
"ec:1.1.1.145",1.71289544432416,-0.769633435105719,-0.499197725886915,-0.276939254580926,-0.222105211871096,-0.242545554921874
"ec:1.1.1.146",1.71289544432416,-0.769633435105719,-0.499197725886915,-0.276939254580926,-0.222105211871096,-0.242545554921874
"ec:1.1.1.153",1.71289544432416,-0.769633435105719,-0.499197725886915,-0.276939254580926,-0.222105211871096,-0.242545554921874
"ec:1.1.1.170",1.71289544432416,-0.769633435105719,-0.499197725886915,-0.276939254580926,-0.222105211871096,-0.242545554921874
"ec:1.1.1.178",1.71289544432416,-0.769633435105719,-0.499197725886915,-0.276939254580926,-0.222105211871096,-0.242545554921874
"ec:1.1.1.179",1.71289544432416,-0.769633435105719,-0.499197725886915,-0.276939254580926,-0.222105211871096,-0.242545554921874
"ec:1.1.1.181",1.71289544432416,-0.769633435105719,-0.499197725886915,-0.276939254580926,-0.222105211871096,-0.242545554921874
"ec:1.1.1.184",1.71289544432416,-0.769633435105719,-0.499197725886915,-0.276939254580926,-0.222105211871096,-0.242545554921874
"ec:1.1.1.188",1.71289544432416,-0.769633435105719,-0.499197725886915,-0.276939254580926,-0.222105211871096,-0.242545554921874
"ec:1.1.1.189",1.71289544432416,-0.769633435105719,-0.499197725886915,-0.276939254580926,-0.222105211871096,-0.242545554921874
"ec:1.1.1.2",1.71289544432416,-0.769633435105719,-0.499197725886915,-0.276939254580926,-0.222105211871096,-0.242545554921874
"ec:1.1.1.205",1.71289544432416,-0.769633435105719,-0.499197725886915,-0.276939254580926,-0.222105211871096,-0.242545554921874
"ec:1.1.1.21",1.71289544432416,-0.769633435105719,-0.499197725886915,-0.276939254580926,-0.222105211871096,-0.242545554921874
"ec:1.1.1.211",1.71289544432416,-0.769633435105719,-0.499197725886915,-0.276939254580926,-0.222105211871096,-0.242545554921874
"ec:1.1.1.213",1.71289544432416,-0.769633435105719,-0.499197725886915,-0.276939254580926,-0.222105211871096,-0.242545554921874
"ec:1.1.1.22",1.71289544432416,-0.769633435105719,-0.499197725886915,-0.276939254580926,-0.222105211871096,-0.242545554921874
"ec:1.1.1.239",1.71289544432416,-0.769633435105719,-0.499197725886915,-0.276939254580926,-0.222105211871096,-0.242545554921874
"ec:1.1.1.27",1.71289544432416,-0.769633435105719,-0.499197725886915,-0.276939254580926,-0.222105211871096,-0.242545554921874
"ec:1.1.1.270",1.71289544432416,-0.769633435105719,-0.499197725886915,-0.276939254580926,-0.222105211871096,-0.242545554921874
"ec:1.1.1.271",1.71289544432416,-0.769633435105719,-0.499197725886915,-0.276939254580926,-0.222105211871096,-0.242545554921874
"ec:1.1.1.30",1.71289544432416,-0.769633435105719,-0.499197725886915,-0.276939254580926,-0.222105211871096,-0.242545554921874
"ec:1.1.1.31",1.71289544432416,-0.769633435105719,-0.499197725886915,-0.276939254580926,-0.222105211871096,-0.242545554921874
"ec:1.1.1.330",1.71289544432416,-0.769633435105719,-0.499197725886915,-0.276939254580926,-0.222105211871096,-0.242545554921874
"ec:1.1.1.34",1.71289544432416,-0.769633435105719,-0.499197725886915,-0.276939254580926,-0.222105211871096,-0.242545554921874
"ec:1.1.1.35",1.71289544432416,-0.769633435105719,-0.499197725886915,-0.276939254580926,-0.222105211871096,-0.242545554921874
"ec:1.1.1.37",1.71289544432416,-0.769633435105719,-0.499197725886915,-0.276939254580926,-0.222105211871096,-0.242545554921874
"ec:1.1.1.38",1.71289544432416,-0.769633435105719,-0.499197725886915,-0.276939254580926,-0.222105211871096,-0.242545554921874
"ec:1.1.1.40",1.71289544432416,-0.769633435105719,-0.499197725886915,-0.276939254580926,-0.222105211871096,-0.242545554921874
"ec:1.1.1.41",1.71289544432416,-0.769633435105719,-0.499197725886915,-0.276939254580926,-0.222105211871096,-0.242545554921874
"ec:1.1.1.42",1.71289544432416,-0.769633435105719,-0.499197725886915,-0.276939254580926,-0.222105211871096,-0.242545554921874
"ec:1.1.1.44",1.71289544432416,-0.769633435105719,-0.499197725886915,-0.276939254580926,-0.222105211871096,-0.242545554921874
"ec:1.1.1.47",1.71289544432416,-0.769633435105719,-0.499197725886915,-0.276939254580926,-0.222105211871096,-0.242545554921874
"ec:1.1.1.49",1.71289544432416,-0.769633435105719,-0.499197725886915,-0.276939254580926,-0.222105211871096,-0.242545554921874
"ec:1.1.1.50",1.71289544432416,-0.769633435105719,-0.499197725886915,-0.276939254580926,-0.222105211871096,-0.242545554921874
"ec:1.1.1.62",1.71289544432416,-0.769633435105719,-0.499197725886915,-0.276939254580926,-0.222105211871096,-0.242545554921874
"ec:1.1.1.64",1.71289544432416,-0.769633435105719,-0.499197725886915,-0.276939254580926,-0.222105211871096,-0.242545554921874
"ec:1.1.1.79",1.71289544432416,-0.769633435105719,-0.499197725886915,-0.276939254580926,-0.222105211871096,-0.242545554921874
"ec:1.1.1.8",1.71289544432416,-0.769633435105719,-0.499197725886915,-0.276939254580926,-0.222105211871096,-0.242545554921874
"ec:1.1.1.81",1.71289544432416,-0.769633435105719,-0.499197725886915,-0.276939254580926,-0.222105211871096,-0.242545554921874
"ec:1.1.1.95",1.71289544432416,-0.769633435105719,-0.499197725886915,-0.276939254580926,-0.222105211871096,-0.242545554921874
"ec:1.1.2.4",1.71289544432416,-0.769633435105719,-0.499197725886915,-0.276939254580926,-0.222105211871096,-0.242545554921874
"ec:1.1.3.15",1.71289544432416,-0.769633435105719,-0.499197725886915,-0.276939254580926,-0.222105211871096,-0.242545554921874
"ec:1.1.4.1",1.71289544432416,-0.769633435105719,-0.499197725886915,-0.276939254580926,-0.222105211871096,-0.242545554921874
"ec:1.1.5.3",1.71289544432416,-0.769633435105719,-0.499197725886915,-0.276939254580926,-0.222105211871096,-0.242545554921874
"ec:1.1.99.1",1.71289544432416,-0.769633435105719,-0.499197725886915,-0.276939254580926,-0.222105211871096,-0.242545554921874
"ec:1.11.1.12",1.71289544432416,-0.769633435105719,-0.499197725886915,-0.276939254580926,-0.222105211871096,-0.242545554921874
"ec:1.11.1.20",1.71289544432416,-0.769633435105719,-0.499197725886915,-0.276939254580926,-0.222105211871096,-0.242545554921874
"ec:1.11.1.6",1.71289544432416,-0.769633435105719,-0.499197725886915,-0.276939254580926,-0.222105211871096,-0.242545554921874
"ec:1.11.1.7",1.71289544432416,-0.769633435105719,-0.499197725886915,-0.276939254580926,-0.222105211871096,-0.242545554921874
"ec:1.11.1.8",1.71289544432416,-0.769633435105719,-0.499197725886915,-0.276939254580926,-0.222105211871096,-0.242545554921874
"ec:1.11.1.9",1.71289544432416,-0.769633435105719,-0.499197725886915,-0.276939254580926,-0.222105211871096,-0.242545554921874
"ec:1.13.11.11",1.71289544432416,-0.769633435105719,-0.499197725886915,-0.276939254580926,-0.222105211871096,-0.242545554921874
"ec:1.13.11.19",1.71289544432416,-0.769633435105719,-0.499197725886915,-0.276939254580926,-0.222105211871096,-0.242545554921874
"ec:1.13.11.20",1.71289544432416,-0.769633435105719,-0.499197725886915,-0.276939254580926,-0.222105211871096,-0.242545554921874
"ec:1.13.11.27",1.71289544432416,-0.769633435105719,-0.499197725886915,-0.276939254580926,-0.222105211871096,-0.242545554921874
"ec:1.13.11.31",1.71289544432416,-0.769633435105719,-0.499197725886915,-0.276939254580926,-0.222105211871096,-0.242545554921874
"ec:1.13.11.33",1.71289544432416,-0.769633435105719,-0.499197725886915,-0.276939254580926,-0.222105211871096,-0.242545554921874
"ec:1.13.11.34",1.71289544432416,-0.769633435105719,-0.499197725886915,-0.276939254580926,-0.222105211871096,-0.242545554921874
"ec:1.13.11.5",1.71289544432416,-0.769633435105719,-0.499197725886915,-0.276939254580926,-0.222105211871096,-0.242545554921874
"ec:1.13.11.52",1.71289544432416,-0.769633435105719,-0.499197725886915,-0.276939254580926,-0.222105211871096,-0.242545554921874
"ec:1.13.11.53",1.71289544432416,-0.769633435105719,-0.499197725886915,-0.276939254580926,-0.222105211871096,-0.242545554921874
"ec:1.13.11.54",1.71289544432416,-0.769633435105719,-0.499197725886915,-0.276939254580926,-0.222105211871096,-0.242545554921874
"ec:1.13.11.6",1.71289544432416,-0.769633435105719,-0.499197725886915,-0.276939254580926,-0.222105211871096,-0.242545554921874
"ec:1.13.99.1",1.71289544432416,-0.769633435105719,-0.499197725886915,-0.276939254580926,-0.222105211871096,-0.242545554921874
"ec:1.14.11.1",1.71289544432416,-0.769633435105719,-0.499197725886915,-0.276939254580926,-0.222105211871096,-0.242545554921874
"ec:1.14.11.2",1.71289544432416,-0.769633435105719,-0.499197725886915,-0.276939254580926,-0.222105211871096,-0.242545554921874
"ec:1.14.11.4",1.71289544432416,-0.769633435105719,-0.499197725886915,-0.276939254580926,-0.222105211871096,-0.242545554921874
"ec:1.14.13.100",1.71289544432416,-0.769633435105719,-0.499197725886915,-0.276939254580926,-0.222105211871096,-0.242545554921874
"ec:1.14.13.126",1.71289544432416,-0.769633435105719,-0.499197725886915,-0.276939254580926,-0.222105211871096,-0.242545554921874
"ec:1.14.13.13",1.71289544432416,-0.769633435105719,-0.499197725886915,-0.276939254580926,-0.222105211871096,-0.242545554921874
"ec:1.14.13.15",1.71289544432416,-0.769633435105719,-0.499197725886915,-0.276939254580926,-0.222105211871096,-0.242545554921874
"ec:1.14.13.159",1.71289544432416,-0.769633435105719,-0.499197725886915,-0.276939254580926,-0.222105211871096,-0.242545554921874
"ec:1.14.13.17",1.71289544432416,-0.769633435105719,-0.499197725886915,-0.276939254580926,-0.222105211871096,-0.242545554921874
"ec:1.14.13.30",1.71289544432416,-0.769633435105719,-0.499197725886915,-0.276939254580926,-0.222105211871096,-0.242545554921874
"ec:1.14.13.39",1.71289544432416,-0.769633435105719,-0.499197725886915,-0.276939254580926,-0.222105211871096,-0.242545554921874
"ec:1.14.13.70",1.71289544432416,-0.769633435105719,-0.499197725886915,-0.276939254580926,-0.222105211871096,-0.242545554921874
"ec:1.14.13.72",1.71289544432416,-0.769633435105719,-0.499197725886915,-0.276939254580926,-0.222105211871096,-0.242545554921874
"ec:1.14.13.8",1.71289544432416,-0.769633435105719,-0.499197725886915,-0.276939254580926,-0.222105211871096,-0.242545554921874
"ec:1.14.13.9",1.71289544432416,-0.769633435105719,-0.499197725886915,-0.276939254580926,-0.222105211871096,-0.242545554921874
"ec:1.14.13.98",1.71289544432416,-0.769633435105719,-0.499197725886915,-0.276939254580926,-0.222105211871096,-0.242545554921874
"ec:1.14.13.99",1.71289544432416,-0.769633435105719,-0.499197725886915,-0.276939254580926,-0.222105211871096,-0.242545554921874
"ec:1.14.14.1",1.71289544432416,-0.769633435105719,-0.499197725886915,-0.276939254580926,-0.222105211871096,-0.242545554921874
"ec:1.14.15.3",1.71289544432416,-0.769633435105719,-0.499197725886915,-0.276939254580926,-0.222105211871096,-0.242545554921874
"ec:1.14.15.4",1.71289544432416,-0.769633435105719,-0.499197725886915,-0.276939254580926,-0.222105211871096,-0.242545554921874
"ec:1.14.15.5",1.71289544432416,-0.769633435105719,-0.499197725886915,-0.276939254580926,-0.222105211871096,-0.242545554921874
"ec:1.14.15.6",1.71289544432416,-0.769633435105719,-0.499197725886915,-0.276939254580926,-0.222105211871096,-0.242545554921874
"ec:1.14.16.1",1.71289544432416,-0.769633435105719,-0.499197725886915,-0.276939254580926,-0.222105211871096,-0.242545554921874
"ec:1.14.16.2",1.71289544432416,-0.769633435105719,-0.499197725886915,-0.276939254580926,-0.222105211871096,-0.242545554921874
"ec:1.14.16.4",1.71289544432416,-0.769633435105719,-0.499197725886915,-0.276939254580926,-0.222105211871096,-0.242545554921874
"ec:1.14.17.1",1.71289544432416,-0.769633435105719,-0.499197725886915,-0.276939254580926,-0.222105211871096,-0.242545554921874
"ec:1.14.18.1",1.71289544432416,-0.769633435105719,-0.499197725886915,-0.276939254580926,-0.222105211871096,-0.242545554921874
"ec:1.14.21.6",1.71289544432416,-0.769633435105719,-0.499197725886915,-0.276939254580926,-0.222105211871096,-0.242545554921874
"ec:1.14.99.1",1.71289544432416,-0.769633435105719,-0.499197725886915,-0.276939254580926,-0.222105211871096,-0.242545554921874
"ec:1.14.99.10",1.71289544432416,-0.769633435105719,-0.499197725886915,-0.276939254580926,-0.222105211871096,-0.242545554921874
"ec:1.14.99.3",1.71289544432416,-0.769633435105719,-0.499197725886915,-0.276939254580926,-0.222105211871096,-0.242545554921874
"ec:1.14.99.36",1.71289544432416,-0.769633435105719,-0.499197725886915,-0.276939254580926,-0.222105211871096,-0.242545554921874
"ec:1.14.99.38",1.71289544432416,-0.769633435105719,-0.499197725886915,-0.276939254580926,-0.222105211871096,-0.242545554921874
"ec:1.14.99.9",1.71289544432416,-0.769633435105719,-0.499197725886915,-0.276939254580926,-0.222105211871096,-0.242545554921874
"ec:1.16.3.1",1.71289544432416,-0.769633435105719,-0.499197725886915,-0.276939254580926,-0.222105211871096,-0.242545554921874
"ec:1.17.1.4",1.71289544432416,-0.769633435105719,-0.499197725886915,-0.276939254580926,-0.222105211871096,-0.242545554921874
"ec:1.17.3.2",1.71289544432416,-0.769633435105719,-0.499197725886915,-0.276939254580926,-0.222105211871096,-0.242545554921874
"ec:1.17.4.1",1.71289544432416,-0.769633435105719,-0.499197725886915,-0.276939254580926,-0.222105211871096,-0.242545554921874
"ec:1.17.99.3",1.71289544432416,-0.769633435105719,-0.499197725886915,-0.276939254580926,-0.222105211871096,-0.242545554921874
"ec:1.2.1.12",1.71289544432416,-0.769633435105719,-0.499197725886915,-0.276939254580926,-0.222105211871096,-0.242545554921874
"ec:1.2.1.18",1.71289544432416,-0.769633435105719,-0.499197725886915,-0.276939254580926,-0.222105211871096,-0.242545554921874
"ec:1.2.1.24",1.71289544432416,-0.769633435105719,-0.499197725886915,-0.276939254580926,-0.222105211871096,-0.242545554921874
"ec:1.2.1.27",1.71289544432416,-0.769633435105719,-0.499197725886915,-0.276939254580926,-0.222105211871096,-0.242545554921874
"ec:1.2.1.3",1.71289544432416,-0.769633435105719,-0.499197725886915,-0.276939254580926,-0.222105211871096,-0.242545554921874
"ec:1.2.1.31",1.71289544432416,-0.769633435105719,-0.499197725886915,-0.276939254580926,-0.222105211871096,-0.242545554921874
"ec:1.2.1.36",1.71289544432416,-0.769633435105719,-0.499197725886915,-0.276939254580926,-0.222105211871096,-0.242545554921874
"ec:1.2.1.41",1.71289544432416,-0.769633435105719,-0.499197725886915,-0.276939254580926,-0.222105211871096,-0.242545554921874
"ec:1.2.1.47",1.71289544432416,-0.769633435105719,-0.499197725886915,-0.276939254580926,-0.222105211871096,-0.242545554921874
"ec:1.2.1.5",1.71289544432416,-0.769633435105719,-0.499197725886915,-0.276939254580926,-0.222105211871096,-0.242545554921874
"ec:1.2.1.8",1.71289544432416,-0.769633435105719,-0.499197725886915,-0.276939254580926,-0.222105211871096,-0.242545554921874
"ec:1.2.3.1",1.71289544432416,-0.769633435105719,-0.499197725886915,-0.276939254580926,-0.222105211871096,-0.242545554921874
"ec:1.2.4.1",1.71289544432416,-0.769633435105719,-0.499197725886915,-0.276939254580926,-0.222105211871096,-0.242545554921874
"ec:1.2.4.2",1.71289544432416,-0.769633435105719,-0.499197725886915,-0.276939254580926,-0.222105211871096,-0.242545554921874
"ec:1.2.4.4",1.71289544432416,-0.769633435105719,-0.499197725886915,-0.276939254580926,-0.222105211871096,-0.242545554921874
"ec:1.3.1.2",1.71289544432416,-0.769633435105719,-0.499197725886915,-0.276939254580926,-0.222105211871096,-0.242545554921874
"ec:1.3.1.20",1.71289544432416,-0.769633435105719,-0.499197725886915,-0.276939254580926,-0.222105211871096,-0.242545554921874
"ec:1.3.1.21",1.71289544432416,-0.769633435105719,-0.499197725886915,-0.276939254580926,-0.222105211871096,-0.242545554921874
"ec:1.3.1.24",1.71289544432416,-0.769633435105719,-0.499197725886915,-0.276939254580926,-0.222105211871096,-0.242545554921874
"ec:1.3.1.3",1.71289544432416,-0.769633435105719,-0.499197725886915,-0.276939254580926,-0.222105211871096,-0.242545554921874
"ec:1.3.1.38",1.71289544432416,-0.769633435105719,-0.499197725886915,-0.276939254580926,-0.222105211871096,-0.242545554921874
"ec:1.3.1.70",1.71289544432416,-0.769633435105719,-0.499197725886915,-0.276939254580926,-0.222105211871096,-0.242545554921874
"ec:1.3.1.72",1.71289544432416,-0.769633435105719,-0.499197725886915,-0.276939254580926,-0.222105211871096,-0.242545554921874
"ec:1.3.1.93",1.71289544432416,-0.769633435105719,-0.499197725886915,-0.276939254580926,-0.222105211871096,-0.242545554921874
"ec:1.3.3.3",1.71289544432416,-0.769633435105719,-0.499197725886915,-0.276939254580926,-0.222105211871096,-0.242545554921874
"ec:1.3.3.4",1.71289544432416,-0.769633435105719,-0.499197725886915,-0.276939254580926,-0.222105211871096,-0.242545554921874
"ec:1.3.3.6",1.71289544432416,-0.769633435105719,-0.499197725886915,-0.276939254580926,-0.222105211871096,-0.242545554921874
"ec:1.3.5.1",1.71289544432416,-0.769633435105719,-0.499197725886915,-0.276939254580926,-0.222105211871096,-0.242545554921874
"ec:1.3.5.2",1.71289544432416,-0.769633435105719,-0.499197725886915,-0.276939254580926,-0.222105211871096,-0.242545554921874
"ec:1.3.8.1",1.71289544432416,-0.769633435105719,-0.499197725886915,-0.276939254580926,-0.222105211871096,-0.242545554921874
"ec:1.3.8.4",1.71289544432416,-0.769633435105719,-0.499197725886915,-0.276939254580926,-0.222105211871096,-0.242545554921874
"ec:1.3.8.6",1.71289544432416,-0.769633435105719,-0.499197725886915,-0.276939254580926,-0.222105211871096,-0.242545554921874
"ec:1.3.8.7",1.71289544432416,-0.769633435105719,-0.499197725886915,-0.276939254580926,-0.222105211871096,-0.242545554921874
"ec:1.3.8.8",1.71289544432416,-0.769633435105719,-0.499197725886915,-0.276939254580926,-0.222105211871096,-0.242545554921874
"ec:1.3.8.9",1.71289544432416,-0.769633435105719,-0.499197725886915,-0.276939254580926,-0.222105211871096,-0.242545554921874
"ec:1.3.99.12",1.71289544432416,-0.769633435105719,-0.499197725886915,-0.276939254580926,-0.222105211871096,-0.242545554921874
"ec:1.3.99.23",1.71289544432416,-0.769633435105719,-0.499197725886915,-0.276939254580926,-0.222105211871096,-0.242545554921874
"ec:1.3.99.5",1.71289544432416,-0.769633435105719,-0.499197725886915,-0.276939254580926,-0.222105211871096,-0.242545554921874
"ec:1.4.1.3",1.71289544432416,-0.769633435105719,-0.499197725886915,-0.276939254580926,-0.222105211871096,-0.242545554921874
"ec:1.4.3.1",1.71289544432416,-0.769633435105719,-0.499197725886915,-0.276939254580926,-0.222105211871096,-0.242545554921874
"ec:1.4.3.2",1.71289544432416,-0.769633435105719,-0.499197725886915,-0.276939254580926,-0.222105211871096,-0.242545554921874
"ec:1.4.3.21",1.71289544432416,-0.769633435105719,-0.499197725886915,-0.276939254580926,-0.222105211871096,-0.242545554921874
"ec:1.4.3.22",1.71289544432416,-0.769633435105719,-0.499197725886915,-0.276939254580926,-0.222105211871096,-0.242545554921874
"ec:1.4.3.3",1.71289544432416,-0.769633435105719,-0.499197725886915,-0.276939254580926,-0.222105211871096,-0.242545554921874
"ec:1.4.3.4",1.71289544432416,-0.769633435105719,-0.499197725886915,-0.276939254580926,-0.222105211871096,-0.242545554921874
"ec:1.4.3.5",1.71289544432416,-0.769633435105719,-0.499197725886915,-0.276939254580926,-0.222105211871096,-0.242545554921874
"ec:1.4.4.2",1.71289544432416,-0.769633435105719,-0.499197725886915,-0.276939254580926,-0.222105211871096,-0.242545554921874
"ec:1.5.1.12",1.71289544432416,-0.769633435105719,-0.499197725886915,-0.276939254580926,-0.222105211871096,-0.242545554921874
"ec:1.5.1.15",1.71289544432416,-0.769633435105719,-0.499197725886915,-0.276939254580926,-0.222105211871096,-0.242545554921874
"ec:1.5.1.2",1.71289544432416,-0.769633435105719,-0.499197725886915,-0.276939254580926,-0.222105211871096,-0.242545554921874
"ec:1.5.1.20",1.71289544432416,-0.769633435105719,-0.499197725886915,-0.276939254580926,-0.222105211871096,-0.242545554921874
"ec:1.5.1.3",1.71289544432416,-0.769633435105719,-0.499197725886915,-0.276939254580926,-0.222105211871096,-0.242545554921874
"ec:1.5.1.30",1.71289544432416,-0.769633435105719,-0.499197725886915,-0.276939254580926,-0.222105211871096,-0.242545554921874
"ec:1.5.1.34",1.71289544432416,-0.769633435105719,-0.499197725886915,-0.276939254580926,-0.222105211871096,-0.242545554921874
"ec:1.5.1.5",1.71289544432416,-0.769633435105719,-0.499197725886915,-0.276939254580926,-0.222105211871096,-0.242545554921874
"ec:1.5.1.6",1.71289544432416,-0.769633435105719,-0.499197725886915,-0.276939254580926,-0.222105211871096,-0.242545554921874
"ec:1.5.1.8",1.71289544432416,-0.769633435105719,-0.499197725886915,-0.276939254580926,-0.222105211871096,-0.242545554921874
"ec:1.5.1.9",1.71289544432416,-0.769633435105719,-0.499197725886915,-0.276939254580926,-0.222105211871096,-0.242545554921874
"ec:1.5.3.1",1.71289544432416,-0.769633435105719,-0.499197725886915,-0.276939254580926,-0.222105211871096,-0.242545554921874
"ec:1.5.8.3",1.71289544432416,-0.769633435105719,-0.499197725886915,-0.276939254580926,-0.222105211871096,-0.242545554921874
"ec:1.5.8.4",1.71289544432416,-0.769633435105719,-0.499197725886915,-0.276939254580926,-0.222105211871096,-0.242545554921874
"ec:1.5.99.8",1.71289544432416,-0.769633435105719,-0.499197725886915,-0.276939254580926,-0.222105211871096,-0.242545554921874
"ec:1.6.1.2",1.71289544432416,-0.769633435105719,-0.499197725886915,-0.276939254580926,-0.222105211871096,-0.242545554921874
"ec:1.6.5.2",1.71289544432416,-0.769633435105719,-0.499197725886915,-0.276939254580926,-0.222105211871096,-0.242545554921874
"ec:1.7.1.7",1.71289544432416,-0.769633435105719,-0.499197725886915,-0.276939254580926,-0.222105211871096,-0.242545554921874
"ec:1.8.1.4",1.71289544432416,-0.769633435105719,-0.499197725886915,-0.276939254580926,-0.222105211871096,-0.242545554921874
"ec:1.8.1.7",1.71289544432416,-0.769633435105719,-0.499197725886915,-0.276939254580926,-0.222105211871096,-0.242545554921874
"ec:1.8.1.9",1.71289544432416,-0.769633435105719,-0.499197725886915,-0.276939254580926,-0.222105211871096,-0.242545554921874
"ec:1.8.3.1",1.71289544432416,-0.769633435105719,-0.499197725886915,-0.276939254580926,-0.222105211871096,-0.242545554921874
"ec:1.8.4.2",1.71289544432416,-0.769633435105719,-0.499197725886915,-0.276939254580926,-0.222105211871096,-0.242545554921874
"ec:2.1.1.1",-0.582973975314915,1.29746632738129,-0.499197725886915,-0.276939254580926,-0.222105211871096,-0.242545554921874
"ec:2.1.1.100",-0.582973975314915,1.29746632738129,-0.499197725886915,-0.276939254580926,-0.222105211871096,-0.242545554921874
"ec:2.1.1.13",-0.582973975314915,1.29746632738129,-0.499197725886915,-0.276939254580926,-0.222105211871096,-0.242545554921874
"ec:2.1.1.17",-0.582973975314915,1.29746632738129,-0.499197725886915,-0.276939254580926,-0.222105211871096,-0.242545554921874
"ec:2.1.1.2",-0.582973975314915,1.29746632738129,-0.499197725886915,-0.276939254580926,-0.222105211871096,-0.242545554921874
"ec:2.1.1.20",-0.582973975314915,1.29746632738129,-0.499197725886915,-0.276939254580926,-0.222105211871096,-0.242545554921874
"ec:2.1.1.28",-0.582973975314915,1.29746632738129,-0.499197725886915,-0.276939254580926,-0.222105211871096,-0.242545554921874
"ec:2.1.1.37",-0.582973975314915,1.29746632738129,-0.499197725886915,-0.276939254580926,-0.222105211871096,-0.242545554921874
"ec:2.1.1.4",-0.582973975314915,1.29746632738129,-0.499197725886915,-0.276939254580926,-0.222105211871096,-0.242545554921874
"ec:2.1.1.43",-0.582973975314915,1.29746632738129,-0.499197725886915,-0.276939254580926,-0.222105211871096,-0.242545554921874
"ec:2.1.1.45",-0.582973975314915,1.29746632738129,-0.499197725886915,-0.276939254580926,-0.222105211871096,-0.242545554921874
"ec:2.1.1.49",-0.582973975314915,1.29746632738129,-0.499197725886915,-0.276939254580926,-0.222105211871096,-0.242545554921874
"ec:2.1.1.5",-0.582973975314915,1.29746632738129,-0.499197725886915,-0.276939254580926,-0.222105211871096,-0.242545554921874
"ec:2.1.1.6",-0.582973975314915,1.29746632738129,-0.499197725886915,-0.276939254580926,-0.222105211871096,-0.242545554921874
"ec:2.1.1.67",-0.582973975314915,1.29746632738129,-0.499197725886915,-0.276939254580926,-0.222105211871096,-0.242545554921874
"ec:2.1.1.8",-0.582973975314915,1.29746632738129,-0.499197725886915,-0.276939254580926,-0.222105211871096,-0.242545554921874
"ec:2.1.2.1",-0.582973975314915,1.29746632738129,-0.499197725886915,-0.276939254580926,-0.222105211871096,-0.242545554921874
"ec:2.1.2.10",-0.582973975314915,1.29746632738129,-0.499197725886915,-0.276939254580926,-0.222105211871096,-0.242545554921874
"ec:2.1.2.2",-0.582973975314915,1.29746632738129,-0.499197725886915,-0.276939254580926,-0.222105211871096,-0.242545554921874
"ec:2.1.2.3",-0.582973975314915,1.29746632738129,-0.499197725886915,-0.276939254580926,-0.222105211871096,-0.242545554921874
"ec:2.1.2.5",-0.582973975314915,1.29746632738129,-0.499197725886915,-0.276939254580926,-0.222105211871096,-0.242545554921874
"ec:2.1.2.9",-0.582973975314915,1.29746632738129,-0.499197725886915,-0.276939254580926,-0.222105211871096,-0.242545554921874
"ec:2.1.3.2",-0.582973975314915,1.29746632738129,-0.499197725886915,-0.276939254580926,-0.222105211871096,-0.242545554921874
"ec:2.1.3.3",-0.582973975314915,1.29746632738129,-0.499197725886915,-0.276939254580926,-0.222105211871096,-0.242545554921874
"ec:2.1.4.1",-0.582973975314915,1.29746632738129,-0.499197725886915,-0.276939254580926,-0.222105211871096,-0.242545554921874
"ec:2.2.1.1",-0.582973975314915,1.29746632738129,-0.499197725886915,-0.276939254580926,-0.222105211871096,-0.242545554921874
"ec:2.2.1.2",-0.582973975314915,1.29746632738129,-0.499197725886915,-0.276939254580926,-0.222105211871096,-0.242545554921874
"ec:2.3.1.1",-0.582973975314915,1.29746632738129,-0.499197725886915,-0.276939254580926,-0.222105211871096,-0.242545554921874
"ec:2.3.1.12",-0.582973975314915,1.29746632738129,-0.499197725886915,-0.276939254580926,-0.222105211871096,-0.242545554921874
"ec:2.3.1.135",-0.582973975314915,1.29746632738129,-0.499197725886915,-0.276939254580926,-0.222105211871096,-0.242545554921874
"ec:2.3.1.15",-0.582973975314915,1.29746632738129,-0.499197725886915,-0.276939254580926,-0.222105211871096,-0.242545554921874
"ec:2.3.1.16",-0.582973975314915,1.29746632738129,-0.499197725886915,-0.276939254580926,-0.222105211871096,-0.242545554921874
"ec:2.3.1.168",-0.582973975314915,1.29746632738129,-0.499197725886915,-0.276939254580926,-0.222105211871096,-0.242545554921874
"ec:2.3.1.176",-0.582973975314915,1.29746632738129,-0.499197725886915,-0.276939254580926,-0.222105211871096,-0.242545554921874
"ec:2.3.1.179",-0.582973975314915,1.29746632738129,-0.499197725886915,-0.276939254580926,-0.222105211871096,-0.242545554921874
"ec:2.3.1.181",-0.582973975314915,1.29746632738129,-0.499197725886915,-0.276939254580926,-0.222105211871096,-0.242545554921874
"ec:2.3.1.20",-0.582973975314915,1.29746632738129,-0.499197725886915,-0.276939254580926,-0.222105211871096,-0.242545554921874
"ec:2.3.1.21",-0.582973975314915,1.29746632738129,-0.499197725886915,-0.276939254580926,-0.222105211871096,-0.242545554921874
"ec:2.3.1.22",-0.582973975314915,1.29746632738129,-0.499197725886915,-0.276939254580926,-0.222105211871096,-0.242545554921874
"ec:2.3.1.23",-0.582973975314915,1.29746632738129,-0.499197725886915,-0.276939254580926,-0.222105211871096,-0.242545554921874
"ec:2.3.1.24",-0.582973975314915,1.29746632738129,-0.499197725886915,-0.276939254580926,-0.222105211871096,-0.242545554921874
"ec:2.3.1.26",-0.582973975314915,1.29746632738129,-0.499197725886915,-0.276939254580926,-0.222105211871096,-0.242545554921874
"ec:2.3.1.29",-0.582973975314915,1.29746632738129,-0.499197725886915,-0.276939254580926,-0.222105211871096,-0.242545554921874
"ec:2.3.1.37",-0.582973975314915,1.29746632738129,-0.499197725886915,-0.276939254580926,-0.222105211871096,-0.242545554921874
"ec:2.3.1.39",-0.582973975314915,1.29746632738129,-0.499197725886915,-0.276939254580926,-0.222105211871096,-0.242545554921874
"ec:2.3.1.4",-0.582973975314915,1.29746632738129,-0.499197725886915,-0.276939254580926,-0.222105211871096,-0.242545554921874
"ec:2.3.1.42",-0.582973975314915,1.29746632738129,-0.499197725886915,-0.276939254580926,-0.222105211871096,-0.242545554921874
"ec:2.3.1.43",-0.582973975314915,1.29746632738129,-0.499197725886915,-0.276939254580926,-0.222105211871096,-0.242545554921874
"ec:2.3.1.5",-0.582973975314915,1.29746632738129,-0.499197725886915,-0.276939254580926,-0.222105211871096,-0.242545554921874
"ec:2.3.1.50",-0.582973975314915,1.29746632738129,-0.499197725886915,-0.276939254580926,-0.222105211871096,-0.242545554921874
"ec:2.3.1.51",-0.582973975314915,1.29746632738129,-0.499197725886915,-0.276939254580926,-0.222105211871096,-0.242545554921874
"ec:2.3.1.57",-0.582973975314915,1.29746632738129,-0.499197725886915,-0.276939254580926,-0.222105211871096,-0.242545554921874
"ec:2.3.1.6",-0.582973975314915,1.29746632738129,-0.499197725886915,-0.276939254580926,-0.222105211871096,-0.242545554921874
"ec:2.3.1.61",-0.582973975314915,1.29746632738129,-0.499197725886915,-0.276939254580926,-0.222105211871096,-0.242545554921874
"ec:2.3.1.65",-0.582973975314915,1.29746632738129,-0.499197725886915,-0.276939254580926,-0.222105211871096,-0.242545554921874
"ec:2.3.1.67",-0.582973975314915,1.29746632738129,-0.499197725886915,-0.276939254580926,-0.222105211871096,-0.242545554921874
"ec:2.3.1.76",-0.582973975314915,1.29746632738129,-0.499197725886915,-0.276939254580926,-0.222105211871096,-0.242545554921874
"ec:2.3.1.78",-0.582973975314915,1.29746632738129,-0.499197725886915,-0.276939254580926,-0.222105211871096,-0.242545554921874
"ec:2.3.1.85",-0.582973975314915,1.29746632738129,-0.499197725886915,-0.276939254580926,-0.222105211871096,-0.242545554921874
"ec:2.3.1.87",-0.582973975314915,1.29746632738129,-0.499197725886915,-0.276939254580926,-0.222105211871096,-0.242545554921874
"ec:2.3.1.9",-0.582973975314915,1.29746632738129,-0.499197725886915,-0.276939254580926,-0.222105211871096,-0.242545554921874
"ec:2.3.2.2",-0.582973975314915,1.29746632738129,-0.499197725886915,-0.276939254580926,-0.222105211871096,-0.242545554921874
"ec:2.3.2.4",-0.582973975314915,1.29746632738129,-0.499197725886915,-0.276939254580926,-0.222105211871096,-0.242545554921874
"ec:2.3.3.1",-0.582973975314915,1.29746632738129,-0.499197725886915,-0.276939254580926,-0.222105211871096,-0.242545554921874
"ec:2.3.3.10",-0.582973975314915,1.29746632738129,-0.499197725886915,-0.276939254580926,-0.222105211871096,-0.242545554921874
"ec:2.3.3.8",-0.582973975314915,1.29746632738129,-0.499197725886915,-0.276939254580926,-0.222105211871096,-0.242545554921874
"ec:2.4.1.1",-0.582973975314915,1.29746632738129,-0.499197725886915,-0.276939254580926,-0.222105211871096,-0.242545554921874
"ec:2.4.1.101",-0.582973975314915,1.29746632738129,-0.499197725886915,-0.276939254580926,-0.222105211871096,-0.242545554921874
"ec:2.4.1.102",-0.582973975314915,1.29746632738129,-0.499197725886915,-0.276939254580926,-0.222105211871096,-0.242545554921874
"ec:2.4.1.11",-0.582973975314915,1.29746632738129,-0.499197725886915,-0.276939254580926,-0.222105211871096,-0.242545554921874
"ec:2.4.1.117",-0.582973975314915,1.29746632738129,-0.499197725886915,-0.276939254580926,-0.222105211871096,-0.242545554921874
"ec:2.4.1.122",-0.582973975314915,1.29746632738129,-0.499197725886915,-0.276939254580926,-0.222105211871096,-0.242545554921874
"ec:2.4.1.132",-0.582973975314915,1.29746632738129,-0.499197725886915,-0.276939254580926,-0.222105211871096,-0.242545554921874
"ec:2.4.1.133",-0.582973975314915,1.29746632738129,-0.499197725886915,-0.276939254580926,-0.222105211871096,-0.242545554921874
"ec:2.4.1.134",-0.582973975314915,1.29746632738129,-0.499197725886915,-0.276939254580926,-0.222105211871096,-0.242545554921874
"ec:2.4.1.135",-0.582973975314915,1.29746632738129,-0.499197725886915,-0.276939254580926,-0.222105211871096,-0.242545554921874
"ec:2.4.1.142",-0.582973975314915,1.29746632738129,-0.499197725886915,-0.276939254580926,-0.222105211871096,-0.242545554921874
"ec:2.4.1.143",-0.582973975314915,1.29746632738129,-0.499197725886915,-0.276939254580926,-0.222105211871096,-0.242545554921874
"ec:2.4.1.144",-0.582973975314915,1.29746632738129,-0.499197725886915,-0.276939254580926,-0.222105211871096,-0.242545554921874
"ec:2.4.1.145",-0.582973975314915,1.29746632738129,-0.499197725886915,-0.276939254580926,-0.222105211871096,-0.242545554921874
"ec:2.4.1.147",-0.582973975314915,1.29746632738129,-0.499197725886915,-0.276939254580926,-0.222105211871096,-0.242545554921874
"ec:2.4.1.149",-0.582973975314915,1.29746632738129,-0.499197725886915,-0.276939254580926,-0.222105211871096,-0.242545554921874
"ec:2.4.1.150",-0.582973975314915,1.29746632738129,-0.499197725886915,-0.276939254580926,-0.222105211871096,-0.242545554921874
"ec:2.4.1.152",-0.582973975314915,1.29746632738129,-0.499197725886915,-0.276939254580926,-0.222105211871096,-0.242545554921874
"ec:2.4.1.155",-0.582973975314915,1.29746632738129,-0.499197725886915,-0.276939254580926,-0.222105211871096,-0.242545554921874
"ec:2.4.1.17",-0.582973975314915,1.29746632738129,-0.499197725886915,-0.276939254580926,-0.222105211871096,-0.242545554921874
"ec:2.4.1.174",-0.582973975314915,1.29746632738129,-0.499197725886915,-0.276939254580926,-0.222105211871096,-0.242545554921874
"ec:2.4.1.175",-0.582973975314915,1.29746632738129,-0.499197725886915,-0.276939254580926,-0.222105211871096,-0.242545554921874
"ec:2.4.1.18",-0.582973975314915,1.29746632738129,-0.499197725886915,-0.276939254580926,-0.222105211871096,-0.242545554921874
"ec:2.4.1.198",-0.582973975314915,1.29746632738129,-0.499197725886915,-0.276939254580926,-0.222105211871096,-0.242545554921874
"ec:2.4.1.201",-0.582973975314915,1.29746632738129,-0.499197725886915,-0.276939254580926,-0.222105211871096,-0.242545554921874
"ec:2.4.1.22",-0.582973975314915,1.29746632738129,-0.499197725886915,-0.276939254580926,-0.222105211871096,-0.242545554921874
"ec:2.4.1.226",-0.582973975314915,1.29746632738129,-0.499197725886915,-0.276939254580926,-0.222105211871096,-0.242545554921874
"ec:2.4.1.228",-0.582973975314915,1.29746632738129,-0.499197725886915,-0.276939254580926,-0.222105211871096,-0.242545554921874
"ec:2.4.1.25",-0.582973975314915,1.29746632738129,-0.499197725886915,-0.276939254580926,-0.222105211871096,-0.242545554921874
"ec:2.4.1.256",-0.582973975314915,1.29746632738129,-0.499197725886915,-0.276939254580926,-0.222105211871096,-0.242545554921874
"ec:2.4.1.257",-0.582973975314915,1.29746632738129,-0.499197725886915,-0.276939254580926,-0.222105211871096,-0.242545554921874
"ec:2.4.1.258",-0.582973975314915,1.29746632738129,-0.499197725886915,-0.276939254580926,-0.222105211871096,-0.242545554921874
"ec:2.4.1.259",-0.582973975314915,1.29746632738129,-0.499197725886915,-0.276939254580926,-0.222105211871096,-0.242545554921874
"ec:2.4.1.260",-0.582973975314915,1.29746632738129,-0.499197725886915,-0.276939254580926,-0.222105211871096,-0.242545554921874
"ec:2.4.1.261",-0.582973975314915,1.29746632738129,-0.499197725886915,-0.276939254580926,-0.222105211871096,-0.242545554921874
"ec:2.4.1.265",-0.582973975314915,1.29746632738129,-0.499197725886915,-0.276939254580926,-0.222105211871096,-0.242545554921874
"ec:2.4.1.267",-0.582973975314915,1.29746632738129,-0.499197725886915,-0.276939254580926,-0.222105211871096,-0.242545554921874
"ec:2.4.1.274",-0.582973975314915,1.29746632738129,-0.499197725886915,-0.276939254580926,-0.222105211871096,-0.242545554921874
"ec:2.4.1.37",-0.582973975314915,1.29746632738129,-0.499197725886915,-0.276939254580926,-0.222105211871096,-0.242545554921874
"ec:2.4.1.38",-0.582973975314915,1.29746632738129,-0.499197725886915,-0.276939254580926,-0.222105211871096,-0.242545554921874
"ec:2.4.1.40",-0.582973975314915,1.29746632738129,-0.499197725886915,-0.276939254580926,-0.222105211871096,-0.242545554921874
"ec:2.4.1.41",-0.582973975314915,1.29746632738129,-0.499197725886915,-0.276939254580926,-0.222105211871096,-0.242545554921874
"ec:2.4.1.50",-0.582973975314915,1.29746632738129,-0.499197725886915,-0.276939254580926,-0.222105211871096,-0.242545554921874
"ec:2.4.1.62",-0.582973975314915,1.29746632738129,-0.499197725886915,-0.276939254580926,-0.222105211871096,-0.242545554921874
"ec:2.4.1.65",-0.582973975314915,1.29746632738129,-0.499197725886915,-0.276939254580926,-0.222105211871096,-0.242545554921874
"ec:2.4.1.68",-0.582973975314915,1.29746632738129,-0.499197725886915,-0.276939254580926,-0.222105211871096,-0.242545554921874
"ec:2.4.1.69",-0.582973975314915,1.29746632738129,-0.499197725886915,-0.276939254580926,-0.222105211871096,-0.242545554921874
"ec:2.4.1.79",-0.582973975314915,1.29746632738129,-0.499197725886915,-0.276939254580926,-0.222105211871096,-0.242545554921874
"ec:2.4.1.80",-0.582973975314915,1.29746632738129,-0.499197725886915,-0.276939254580926,-0.222105211871096,-0.242545554921874
"ec:2.4.1.88",-0.582973975314915,1.29746632738129,-0.499197725886915,-0.276939254580926,-0.222105211871096,-0.242545554921874
"ec:2.4.1.92",-0.582973975314915,1.29746632738129,-0.499197725886915,-0.276939254580926,-0.222105211871096,-0.242545554921874
"ec:2.4.2.1",-0.582973975314915,1.29746632738129,-0.499197725886915,-0.276939254580926,-0.222105211871096,-0.242545554921874
"ec:2.4.2.10",-0.582973975314915,1.29746632738129,-0.499197725886915,-0.276939254580926,-0.222105211871096,-0.242545554921874
"ec:2.4.2.11",-0.582973975314915,1.29746632738129,-0.499197725886915,-0.276939254580926,-0.222105211871096,-0.242545554921874
"ec:2.4.2.12",-0.582973975314915,1.29746632738129,-0.499197725886915,-0.276939254580926,-0.222105211871096,-0.242545554921874
"ec:2.4.2.14",-0.582973975314915,1.29746632738129,-0.499197725886915,-0.276939254580926,-0.222105211871096,-0.242545554921874
"ec:2.4.2.19",-0.582973975314915,1.29746632738129,-0.499197725886915,-0.276939254580926,-0.222105211871096,-0.242545554921874
"ec:2.4.2.26",-0.582973975314915,1.29746632738129,-0.499197725886915,-0.276939254580926,-0.222105211871096,-0.242545554921874
"ec:2.4.2.28",-0.582973975314915,1.29746632738129,-0.499197725886915,-0.276939254580926,-0.222105211871096,-0.242545554921874
"ec:2.4.2.3",-0.582973975314915,1.29746632738129,-0.499197725886915,-0.276939254580926,-0.222105211871096,-0.242545554921874
"ec:2.4.2.4",-0.582973975314915,1.29746632738129,-0.499197725886915,-0.276939254580926,-0.222105211871096,-0.242545554921874
"ec:2.4.2.7",-0.582973975314915,1.29746632738129,-0.499197725886915,-0.276939254580926,-0.222105211871096,-0.242545554921874
"ec:2.4.2.8",-0.582973975314915,1.29746632738129,-0.499197725886915,-0.276939254580926,-0.222105211871096,-0.242545554921874
"ec:2.4.2.9",-0.582973975314915,1.29746632738129,-0.499197725886915,-0.276939254580926,-0.222105211871096,-0.242545554921874
"ec:2.4.99.1",-0.582973975314915,1.29746632738129,-0.499197725886915,-0.276939254580926,-0.222105211871096,-0.242545554921874
"ec:2.4.99.10",-0.582973975314915,1.29746632738129,-0.499197725886915,-0.276939254580926,-0.222105211871096,-0.242545554921874
"ec:2.4.99.3",-0.582973975314915,1.29746632738129,-0.499197725886915,-0.276939254580926,-0.222105211871096,-0.242545554921874
"ec:2.4.99.4",-0.582973975314915,1.29746632738129,-0.499197725886915,-0.276939254580926,-0.222105211871096,-0.242545554921874
"ec:2.4.99.6",-0.582973975314915,1.29746632738129,-0.499197725886915,-0.276939254580926,-0.222105211871096,-0.242545554921874
"ec:2.4.99.7",-0.582973975314915,1.29746632738129,-0.499197725886915,-0.276939254580926,-0.222105211871096,-0.242545554921874
"ec:2.4.99.8",-0.582973975314915,1.29746632738129,-0.499197725886915,-0.276939254580926,-0.222105211871096,-0.242545554921874
"ec:2.4.99.9",-0.582973975314915,1.29746632738129,-0.499197725886915,-0.276939254580926,-0.222105211871096,-0.242545554921874
"ec:2.5.1.1",-0.582973975314915,1.29746632738129,-0.499197725886915,-0.276939254580926,-0.222105211871096,-0.242545554921874
"ec:2.5.1.10",-0.582973975314915,1.29746632738129,-0.499197725886915,-0.276939254580926,-0.222105211871096,-0.242545554921874
"ec:2.5.1.16",-0.582973975314915,1.29746632738129,-0.499197725886915,-0.276939254580926,-0.222105211871096,-0.242545554921874
"ec:2.5.1.18",-0.582973975314915,1.29746632738129,-0.499197725886915,-0.276939254580926,-0.222105211871096,-0.242545554921874
"ec:2.5.1.22",-0.582973975314915,1.29746632738129,-0.499197725886915,-0.276939254580926,-0.222105211871096,-0.242545554921874
"ec:2.5.1.29",-0.582973975314915,1.29746632738129,-0.499197725886915,-0.276939254580926,-0.222105211871096,-0.242545554921874
"ec:2.5.1.56",-0.582973975314915,1.29746632738129,-0.499197725886915,-0.276939254580926,-0.222105211871096,-0.242545554921874
"ec:2.5.1.57",-0.582973975314915,1.29746632738129,-0.499197725886915,-0.276939254580926,-0.222105211871096,-0.242545554921874
"ec:2.5.1.58",-0.582973975314915,1.29746632738129,-0.499197725886915,-0.276939254580926,-0.222105211871096,-0.242545554921874
"ec:2.5.1.6",-0.582973975314915,1.29746632738129,-0.499197725886915,-0.276939254580926,-0.222105211871096,-0.242545554921874
"ec:2.5.1.61",-0.582973975314915,1.29746632738129,-0.499197725886915,-0.276939254580926,-0.222105211871096,-0.242545554921874
"ec:2.5.1.87",-0.582973975314915,1.29746632738129,-0.499197725886915,-0.276939254580926,-0.222105211871096,-0.242545554921874
"ec:2.5.1.91",-0.582973975314915,1.29746632738129,-0.499197725886915,-0.276939254580926,-0.222105211871096,-0.242545554921874
"ec:2.6.1.1",-0.582973975314915,1.29746632738129,-0.499197725886915,-0.276939254580926,-0.222105211871096,-0.242545554921874
"ec:2.6.1.13",-0.582973975314915,1.29746632738129,-0.499197725886915,-0.276939254580926,-0.222105211871096,-0.242545554921874
"ec:2.6.1.16",-0.582973975314915,1.29746632738129,-0.499197725886915,-0.276939254580926,-0.222105211871096,-0.242545554921874
"ec:2.6.1.19",-0.582973975314915,1.29746632738129,-0.499197725886915,-0.276939254580926,-0.222105211871096,-0.242545554921874
"ec:2.6.1.22",-0.582973975314915,1.29746632738129,-0.499197725886915,-0.276939254580926,-0.222105211871096,-0.242545554921874
"ec:2.6.1.39",-0.582973975314915,1.29746632738129,-0.499197725886915,-0.276939254580926,-0.222105211871096,-0.242545554921874
"ec:2.6.1.42",-0.582973975314915,1.29746632738129,-0.499197725886915,-0.276939254580926,-0.222105211871096,-0.242545554921874
"ec:2.6.1.44",-0.582973975314915,1.29746632738129,-0.499197725886915,-0.276939254580926,-0.222105211871096,-0.242545554921874
"ec:2.6.1.45",-0.582973975314915,1.29746632738129,-0.499197725886915,-0.276939254580926,-0.222105211871096,-0.242545554921874
"ec:2.6.1.5",-0.582973975314915,1.29746632738129,-0.499197725886915,-0.276939254580926,-0.222105211871096,-0.242545554921874
"ec:2.6.1.51",-0.582973975314915,1.29746632738129,-0.499197725886915,-0.276939254580926,-0.222105211871096,-0.242545554921874
"ec:2.6.1.52",-0.582973975314915,1.29746632738129,-0.499197725886915,-0.276939254580926,-0.222105211871096,-0.242545554921874
"ec:2.6.1.7",-0.582973975314915,1.29746632738129,-0.499197725886915,-0.276939254580926,-0.222105211871096,-0.242545554921874
"ec:2.7.1.1",-0.582973975314915,1.29746632738129,-0.499197725886915,-0.276939254580926,-0.222105211871096,-0.242545554921874
"ec:2.7.1.105",-0.582973975314915,1.29746632738129,-0.499197725886915,-0.276939254580926,-0.222105211871096,-0.242545554921874
"ec:2.7.1.106",-0.582973975314915,1.29746632738129,-0.499197725886915,-0.276939254580926,-0.222105211871096,-0.242545554921874
"ec:2.7.1.107",-0.582973975314915,1.29746632738129,-0.499197725886915,-0.276939254580926,-0.222105211871096,-0.242545554921874
"ec:2.7.1.108",-0.582973975314915,1.29746632738129,-0.499197725886915,-0.276939254580926,-0.222105211871096,-0.242545554921874
"ec:2.7.1.11",-0.582973975314915,1.29746632738129,-0.499197725886915,-0.276939254580926,-0.222105211871096,-0.242545554921874
"ec:2.7.1.113",-0.582973975314915,1.29746632738129,-0.499197725886915,-0.276939254580926,-0.222105211871096,-0.242545554921874
"ec:2.7.1.127",-0.582973975314915,1.29746632738129,-0.499197725886915,-0.276939254580926,-0.222105211871096,-0.242545554921874
"ec:2.7.1.134",-0.582973975314915,1.29746632738129,-0.499197725886915,-0.276939254580926,-0.222105211871096,-0.242545554921874
"ec:2.7.1.137",-0.582973975314915,1.29746632738129,-0.499197725886915,-0.276939254580926,-0.222105211871096,-0.242545554921874
"ec:2.7.1.138",-0.582973975314915,1.29746632738129,-0.499197725886915,-0.276939254580926,-0.222105211871096,-0.242545554921874
"ec:2.7.1.147",-0.582973975314915,1.29746632738129,-0.499197725886915,-0.276939254580926,-0.222105211871096,-0.242545554921874
"ec:2.7.1.149",-0.582973975314915,1.29746632738129,-0.499197725886915,-0.276939254580926,-0.222105211871096,-0.242545554921874
"ec:2.7.1.15",-0.582973975314915,1.29746632738129,-0.499197725886915,-0.276939254580926,-0.222105211871096,-0.242545554921874
"ec:2.7.1.150",-0.582973975314915,1.29746632738129,-0.499197725886915,-0.276939254580926,-0.222105211871096,-0.242545554921874
"ec:2.7.1.151",-0.582973975314915,1.29746632738129,-0.499197725886915,-0.276939254580926,-0.222105211871096,-0.242545554921874
"ec:2.7.1.153",-0.582973975314915,1.29746632738129,-0.499197725886915,-0.276939254580926,-0.222105211871096,-0.242545554921874
"ec:2.7.1.154",-0.582973975314915,1.29746632738129,-0.499197725886915,-0.276939254580926,-0.222105211871096,-0.242545554921874
"ec:2.7.1.158",-0.582973975314915,1.29746632738129,-0.499197725886915,-0.276939254580926,-0.222105211871096,-0.242545554921874
"ec:2.7.1.159",-0.582973975314915,1.29746632738129,-0.499197725886915,-0.276939254580926,-0.222105211871096,-0.242545554921874
"ec:2.7.1.164",-0.582973975314915,1.29746632738129,-0.499197725886915,-0.276939254580926,-0.222105211871096,-0.242545554921874
"ec:2.7.1.17",-0.582973975314915,1.29746632738129,-0.499197725886915,-0.276939254580926,-0.222105211871096,-0.242545554921874
"ec:2.7.1.173",-0.582973975314915,1.29746632738129,-0.499197725886915,-0.276939254580926,-0.222105211871096,-0.242545554921874
"ec:2.7.1.2",-0.582973975314915,1.29746632738129,-0.499197725886915,-0.276939254580926,-0.222105211871096,-0.242545554921874
"ec:2.7.1.20",-0.582973975314915,1.29746632738129,-0.499197725886915,-0.276939254580926,-0.222105211871096,-0.242545554921874
"ec:2.7.1.21",-0.582973975314915,1.29746632738129,-0.499197725886915,-0.276939254580926,-0.222105211871096,-0.242545554921874
"ec:2.7.1.22",-0.582973975314915,1.29746632738129,-0.499197725886915,-0.276939254580926,-0.222105211871096,-0.242545554921874
"ec:2.7.1.23",-0.582973975314915,1.29746632738129,-0.499197725886915,-0.276939254580926,-0.222105211871096,-0.242545554921874
"ec:2.7.1.24",-0.582973975314915,1.29746632738129,-0.499197725886915,-0.276939254580926,-0.222105211871096,-0.242545554921874
"ec:2.7.1.25",-0.582973975314915,1.29746632738129,-0.499197725886915,-0.276939254580926,-0.222105211871096,-0.242545554921874
"ec:2.7.1.26",-0.582973975314915,1.29746632738129,-0.499197725886915,-0.276939254580926,-0.222105211871096,-0.242545554921874
"ec:2.7.1.3",-0.582973975314915,1.29746632738129,-0.499197725886915,-0.276939254580926,-0.222105211871096,-0.242545554921874
"ec:2.7.1.30",-0.582973975314915,1.29746632738129,-0.499197725886915,-0.276939254580926,-0.222105211871096,-0.242545554921874
"ec:2.7.1.31",-0.582973975314915,1.29746632738129,-0.499197725886915,-0.276939254580926,-0.222105211871096,-0.242545554921874
"ec:2.7.1.32",-0.582973975314915,1.29746632738129,-0.499197725886915,-0.276939254580926,-0.222105211871096,-0.242545554921874
"ec:2.7.1.33",-0.582973975314915,1.29746632738129,-0.499197725886915,-0.276939254580926,-0.222105211871096,-0.242545554921874
"ec:2.7.1.35",-0.582973975314915,1.29746632738129,-0.499197725886915,-0.276939254580926,-0.222105211871096,-0.242545554921874
"ec:2.7.1.36",-0.582973975314915,1.29746632738129,-0.499197725886915,-0.276939254580926,-0.222105211871096,-0.242545554921874
"ec:2.7.1.40",-0.582973975314915,1.29746632738129,-0.499197725886915,-0.276939254580926,-0.222105211871096,-0.242545554921874
"ec:2.7.1.48",-0.582973975314915,1.29746632738129,-0.499197725886915,-0.276939254580926,-0.222105211871096,-0.242545554921874
"ec:2.7.1.52",-0.582973975314915,1.29746632738129,-0.499197725886915,-0.276939254580926,-0.222105211871096,-0.242545554921874
"ec:2.7.1.59",-0.582973975314915,1.29746632738129,-0.499197725886915,-0.276939254580926,-0.222105211871096,-0.242545554921874
"ec:2.7.1.6",-0.582973975314915,1.29746632738129,-0.499197725886915,-0.276939254580926,-0.222105211871096,-0.242545554921874
"ec:2.7.1.60",-0.582973975314915,1.29746632738129,-0.499197725886915,-0.276939254580926,-0.222105211871096,-0.242545554921874
"ec:2.7.1.67",-0.582973975314915,1.29746632738129,-0.499197725886915,-0.276939254580926,-0.222105211871096,-0.242545554921874
"ec:2.7.1.68",-0.582973975314915,1.29746632738129,-0.499197725886915,-0.276939254580926,-0.222105211871096,-0.242545554921874
"ec:2.7.1.74",-0.582973975314915,1.29746632738129,-0.499197725886915,-0.276939254580926,-0.222105211871096,-0.242545554921874
"ec:2.7.1.82",-0.582973975314915,1.29746632738129,-0.499197725886915,-0.276939254580926,-0.222105211871096,-0.242545554921874
"ec:2.7.1.91",-0.582973975314915,1.29746632738129,-0.499197725886915,-0.276939254580926,-0.222105211871096,-0.242545554921874
"ec:2.7.1.94",-0.582973975314915,1.29746632738129,-0.499197725886915,-0.276939254580926,-0.222105211871096,-0.242545554921874
"ec:2.7.2.11",-0.582973975314915,1.29746632738129,-0.499197725886915,-0.276939254580926,-0.222105211871096,-0.242545554921874
"ec:2.7.2.3",-0.582973975314915,1.29746632738129,-0.499197725886915,-0.276939254580926,-0.222105211871096,-0.242545554921874
"ec:2.7.3.2",-0.582973975314915,1.29746632738129,-0.499197725886915,-0.276939254580926,-0.222105211871096,-0.242545554921874
"ec:2.7.4.10",-0.582973975314915,1.29746632738129,-0.499197725886915,-0.276939254580926,-0.222105211871096,-0.242545554921874
"ec:2.7.4.14",-0.582973975314915,1.29746632738129,-0.499197725886915,-0.276939254580926,-0.222105211871096,-0.242545554921874
"ec:2.7.4.2",-0.582973975314915,1.29746632738129,-0.499197725886915,-0.276939254580926,-0.222105211871096,-0.242545554921874
"ec:2.7.4.3",-0.582973975314915,1.29746632738129,-0.499197725886915,-0.276939254580926,-0.222105211871096,-0.242545554921874
"ec:2.7.4.6",-0.582973975314915,1.29746632738129,-0.499197725886915,-0.276939254580926,-0.222105211871096,-0.242545554921874
"ec:2.7.4.8",-0.582973975314915,1.29746632738129,-0.499197725886915,-0.276939254580926,-0.222105211871096,-0.242545554921874
"ec:2.7.4.9",-0.582973975314915,1.29746632738129,-0.499197725886915,-0.276939254580926,-0.222105211871096,-0.242545554921874
"ec:2.7.6.1",-0.582973975314915,1.29746632738129,-0.499197725886915,-0.276939254580926,-0.222105211871096,-0.242545554921874
"ec:2.7.6.2",-0.582973975314915,1.29746632738129,-0.499197725886915,-0.276939254580926,-0.222105211871096,-0.242545554921874
"ec:2.7.7.1",-0.582973975314915,1.29746632738129,-0.499197725886915,-0.276939254580926,-0.222105211871096,-0.242545554921874
"ec:2.7.7.12",-0.582973975314915,1.29746632738129,-0.499197725886915,-0.276939254580926,-0.222105211871096,-0.242545554921874
"ec:2.7.7.13",-0.582973975314915,1.29746632738129,-0.499197725886915,-0.276939254580926,-0.222105211871096,-0.242545554921874
"ec:2.7.7.14",-0.582973975314915,1.29746632738129,-0.499197725886915,-0.276939254580926,-0.222105211871096,-0.242545554921874
"ec:2.7.7.15",-0.582973975314915,1.29746632738129,-0.499197725886915,-0.276939254580926,-0.222105211871096,-0.242545554921874
"ec:2.7.7.18",-0.582973975314915,1.29746632738129,-0.499197725886915,-0.276939254580926,-0.222105211871096,-0.242545554921874
"ec:2.7.7.2",-0.582973975314915,1.29746632738129,-0.499197725886915,-0.276939254580926,-0.222105211871096,-0.242545554921874
"ec:2.7.7.23",-0.582973975314915,1.29746632738129,-0.499197725886915,-0.276939254580926,-0.222105211871096,-0.242545554921874
"ec:2.7.7.3",-0.582973975314915,1.29746632738129,-0.499197725886915,-0.276939254580926,-0.222105211871096,-0.242545554921874
"ec:2.7.7.30",-0.582973975314915,1.29746632738129,-0.499197725886915,-0.276939254580926,-0.222105211871096,-0.242545554921874
"ec:2.7.7.4",-0.582973975314915,1.29746632738129,-0.499197725886915,-0.276939254580926,-0.222105211871096,-0.242545554921874
"ec:2.7.7.41",-0.582973975314915,1.29746632738129,-0.499197725886915,-0.276939254580926,-0.222105211871096,-0.242545554921874
"ec:2.7.7.43",-0.582973975314915,1.29746632738129,-0.499197725886915,-0.276939254580926,-0.222105211871096,-0.242545554921874
"ec:2.7.7.6",-0.582973975314915,1.29746632738129,-0.499197725886915,-0.276939254580926,-0.222105211871096,-0.242545554921874
"ec:2.7.7.7",-0.582973975314915,1.29746632738129,-0.499197725886915,-0.276939254580926,-0.222105211871096,-0.242545554921874
"ec:2.7.7.8",-0.582973975314915,1.29746632738129,-0.499197725886915,-0.276939254580926,-0.222105211871096,-0.242545554921874
"ec:2.7.7.9",-0.582973975314915,1.29746632738129,-0.499197725886915,-0.276939254580926,-0.222105211871096,-0.242545554921874
"ec:2.7.8.1",-0.582973975314915,1.29746632738129,-0.499197725886915,-0.276939254580926,-0.222105211871096,-0.242545554921874
"ec:2.7.8.11",-0.582973975314915,1.29746632738129,-0.499197725886915,-0.276939254580926,-0.222105211871096,-0.242545554921874
"ec:2.7.8.15",-0.582973975314915,1.29746632738129,-0.499197725886915,-0.276939254580926,-0.222105211871096,-0.242545554921874
"ec:2.7.8.2",-0.582973975314915,1.29746632738129,-0.499197725886915,-0.276939254580926,-0.222105211871096,-0.242545554921874
"ec:2.7.8.27",-0.582973975314915,1.29746632738129,-0.499197725886915,-0.276939254580926,-0.222105211871096,-0.242545554921874
"ec:2.7.8.29",-0.582973975314915,1.29746632738129,-0.499197725886915,-0.276939254580926,-0.222105211871096,-0.242545554921874
"ec:2.7.8.5",-0.582973975314915,1.29746632738129,-0.499197725886915,-0.276939254580926,-0.222105211871096,-0.242545554921874
"ec:2.7.9.3",-0.582973975314915,1.29746632738129,-0.499197725886915,-0.276939254580926,-0.222105211871096,-0.242545554921874
"ec:2.8.1.2",-0.582973975314915,1.29746632738129,-0.499197725886915,-0.276939254580926,-0.222105211871096,-0.242545554921874
"ec:2.8.1.8",-0.582973975314915,1.29746632738129,-0.499197725886915,-0.276939254580926,-0.222105211871096,-0.242545554921874
"ec:2.8.2.1",-0.582973975314915,1.29746632738129,-0.499197725886915,-0.276939254580926,-0.222105211871096,-0.242545554921874
"ec:2.8.2.11",-0.582973975314915,1.29746632738129,-0.499197725886915,-0.276939254580926,-0.222105211871096,-0.242545554921874
"ec:2.8.2.14",-0.582973975314915,1.29746632738129,-0.499197725886915,-0.276939254580926,-0.222105211871096,-0.242545554921874
"ec:2.8.2.2",-0.582973975314915,1.29746632738129,-0.499197725886915,-0.276939254580926,-0.222105211871096,-0.242545554921874
"ec:2.8.2.4",-0.582973975314915,1.29746632738129,-0.499197725886915,-0.276939254580926,-0.222105211871096,-0.242545554921874
"ec:2.8.2.5",-0.582973975314915,1.29746632738129,-0.499197725886915,-0.276939254580926,-0.222105211871096,-0.242545554921874
"ec:2.8.3.5",-0.582973975314915,1.29746632738129,-0.499197725886915,-0.276939254580926,-0.222105211871096,-0.242545554921874
"ec:2.9.1.2",-0.582973975314915,1.29746632738129,-0.499197725886915,-0.276939254580926,-0.222105211871096,-0.242545554921874
"ec:3.1.1.1",-0.582973975314915,-0.769633435105719,2.00035660158971,-0.276939254580926,-0.222105211871096,-0.242545554921874
"ec:3.1.1.13",-0.582973975314915,-0.769633435105719,2.00035660158971,-0.276939254580926,-0.222105211871096,-0.242545554921874
"ec:3.1.1.23",-0.582973975314915,-0.769633435105719,2.00035660158971,-0.276939254580926,-0.222105211871096,-0.242545554921874
"ec:3.1.1.3",-0.582973975314915,-0.769633435105719,2.00035660158971,-0.276939254580926,-0.222105211871096,-0.242545554921874
"ec:3.1.1.31",-0.582973975314915,-0.769633435105719,2.00035660158971,-0.276939254580926,-0.222105211871096,-0.242545554921874
"ec:3.1.1.34",-0.582973975314915,-0.769633435105719,2.00035660158971,-0.276939254580926,-0.222105211871096,-0.242545554921874
"ec:3.1.1.4",-0.582973975314915,-0.769633435105719,2.00035660158971,-0.276939254580926,-0.222105211871096,-0.242545554921874
"ec:3.1.1.47",-0.582973975314915,-0.769633435105719,2.00035660158971,-0.276939254580926,-0.222105211871096,-0.242545554921874
"ec:3.1.1.5",-0.582973975314915,-0.769633435105719,2.00035660158971,-0.276939254580926,-0.222105211871096,-0.242545554921874
"ec:3.1.1.64",-0.582973975314915,-0.769633435105719,2.00035660158971,-0.276939254580926,-0.222105211871096,-0.242545554921874
"ec:3.1.1.7",-0.582973975314915,-0.769633435105719,2.00035660158971,-0.276939254580926,-0.222105211871096,-0.242545554921874
"ec:3.1.2.1",-0.582973975314915,-0.769633435105719,2.00035660158971,-0.276939254580926,-0.222105211871096,-0.242545554921874
"ec:3.1.2.14",-0.582973975314915,-0.769633435105719,2.00035660158971,-0.276939254580926,-0.222105211871096,-0.242545554921874
"ec:3.1.2.2",-0.582973975314915,-0.769633435105719,2.00035660158971,-0.276939254580926,-0.222105211871096,-0.242545554921874
"ec:3.1.2.22",-0.582973975314915,-0.769633435105719,2.00035660158971,-0.276939254580926,-0.222105211871096,-0.242545554921874
"ec:3.1.2.27",-0.582973975314915,-0.769633435105719,2.00035660158971,-0.276939254580926,-0.222105211871096,-0.242545554921874
"ec:3.1.2.4",-0.582973975314915,-0.769633435105719,2.00035660158971,-0.276939254580926,-0.222105211871096,-0.242545554921874
"ec:3.1.2.6",-0.582973975314915,-0.769633435105719,2.00035660158971,-0.276939254580926,-0.222105211871096,-0.242545554921874
"ec:3.1.3.1",-0.582973975314915,-0.769633435105719,2.00035660158971,-0.276939254580926,-0.222105211871096,-0.242545554921874
"ec:3.1.3.11",-0.582973975314915,-0.769633435105719,2.00035660158971,-0.276939254580926,-0.222105211871096,-0.242545554921874
"ec:3.1.3.13",-0.582973975314915,-0.769633435105719,2.00035660158971,-0.276939254580926,-0.222105211871096,-0.242545554921874
"ec:3.1.3.18",-0.582973975314915,-0.769633435105719,2.00035660158971,-0.276939254580926,-0.222105211871096,-0.242545554921874
"ec:3.1.3.2",-0.582973975314915,-0.769633435105719,2.00035660158971,-0.276939254580926,-0.222105211871096,-0.242545554921874
"ec:3.1.3.25",-0.582973975314915,-0.769633435105719,2.00035660158971,-0.276939254580926,-0.222105211871096,-0.242545554921874
"ec:3.1.3.29",-0.582973975314915,-0.769633435105719,2.00035660158971,-0.276939254580926,-0.222105211871096,-0.242545554921874
"ec:3.1.3.3",-0.582973975314915,-0.769633435105719,2.00035660158971,-0.276939254580926,-0.222105211871096,-0.242545554921874
"ec:3.1.3.36",-0.582973975314915,-0.769633435105719,2.00035660158971,-0.276939254580926,-0.222105211871096,-0.242545554921874
"ec:3.1.3.4",-0.582973975314915,-0.769633435105719,2.00035660158971,-0.276939254580926,-0.222105211871096,-0.242545554921874
"ec:3.1.3.46",-0.582973975314915,-0.769633435105719,2.00035660158971,-0.276939254580926,-0.222105211871096,-0.242545554921874
"ec:3.1.3.5",-0.582973975314915,-0.769633435105719,2.00035660158971,-0.276939254580926,-0.222105211871096,-0.242545554921874
"ec:3.1.3.56",-0.582973975314915,-0.769633435105719,2.00035660158971,-0.276939254580926,-0.222105211871096,-0.242545554921874
"ec:3.1.3.57",-0.582973975314915,-0.769633435105719,2.00035660158971,-0.276939254580926,-0.222105211871096,-0.242545554921874
"ec:3.1.3.62",-0.582973975314915,-0.769633435105719,2.00035660158971,-0.276939254580926,-0.222105211871096,-0.242545554921874
"ec:3.1.3.64",-0.582973975314915,-0.769633435105719,2.00035660158971,-0.276939254580926,-0.222105211871096,-0.242545554921874
"ec:3.1.3.66",-0.582973975314915,-0.769633435105719,2.00035660158971,-0.276939254580926,-0.222105211871096,-0.242545554921874
"ec:3.1.3.67",-0.582973975314915,-0.769633435105719,2.00035660158971,-0.276939254580926,-0.222105211871096,-0.242545554921874
"ec:3.1.3.7",-0.582973975314915,-0.769633435105719,2.00035660158971,-0.276939254580926,-0.222105211871096,-0.242545554921874
"ec:3.1.3.74",-0.582973975314915,-0.769633435105719,2.00035660158971,-0.276939254580926,-0.222105211871096,-0.242545554921874
"ec:3.1.3.75",-0.582973975314915,-0.769633435105719,2.00035660158971,-0.276939254580926,-0.222105211871096,-0.242545554921874
"ec:3.1.3.77",-0.582973975314915,-0.769633435105719,2.00035660158971,-0.276939254580926,-0.222105211871096,-0.242545554921874
"ec:3.1.3.86",-0.582973975314915,-0.769633435105719,2.00035660158971,-0.276939254580926,-0.222105211871096,-0.242545554921874
"ec:3.1.3.9",-0.582973975314915,-0.769633435105719,2.00035660158971,-0.276939254580926,-0.222105211871096,-0.242545554921874
"ec:3.1.4.11",-0.582973975314915,-0.769633435105719,2.00035660158971,-0.276939254580926,-0.222105211871096,-0.242545554921874
"ec:3.1.4.12",-0.582973975314915,-0.769633435105719,2.00035660158971,-0.276939254580926,-0.222105211871096,-0.242545554921874
"ec:3.1.4.17",-0.582973975314915,-0.769633435105719,2.00035660158971,-0.276939254580926,-0.222105211871096,-0.242545554921874
"ec:3.1.4.35",-0.582973975314915,-0.769633435105719,2.00035660158971,-0.276939254580926,-0.222105211871096,-0.242545554921874
"ec:3.1.4.39",-0.582973975314915,-0.769633435105719,2.00035660158971,-0.276939254580926,-0.222105211871096,-0.242545554921874
"ec:3.1.4.4",-0.582973975314915,-0.769633435105719,2.00035660158971,-0.276939254580926,-0.222105211871096,-0.242545554921874
"ec:3.1.4.50",-0.582973975314915,-0.769633435105719,2.00035660158971,-0.276939254580926,-0.222105211871096,-0.242545554921874
"ec:3.1.6.12",-0.582973975314915,-0.769633435105719,2.00035660158971,-0.276939254580926,-0.222105211871096,-0.242545554921874
"ec:3.1.6.13",-0.582973975314915,-0.769633435105719,2.00035660158971,-0.276939254580926,-0.222105211871096,-0.242545554921874
"ec:3.1.6.14",-0.582973975314915,-0.769633435105719,2.00035660158971,-0.276939254580926,-0.222105211871096,-0.242545554921874
"ec:3.1.6.2",-0.582973975314915,-0.769633435105719,2.00035660158971,-0.276939254580926,-0.222105211871096,-0.242545554921874
"ec:3.1.6.4",-0.582973975314915,-0.769633435105719,2.00035660158971,-0.276939254580926,-0.222105211871096,-0.242545554921874
"ec:3.1.6.8",-0.582973975314915,-0.769633435105719,2.00035660158971,-0.276939254580926,-0.222105211871096,-0.242545554921874
"ec:3.1.7.2",-0.582973975314915,-0.769633435105719,2.00035660158971,-0.276939254580926,-0.222105211871096,-0.242545554921874
"ec:3.10.1.1",-0.582973975314915,-0.769633435105719,2.00035660158971,-0.276939254580926,-0.222105211871096,-0.242545554921874
"ec:3.2.1.1",-0.582973975314915,-0.769633435105719,2.00035660158971,-0.276939254580926,-0.222105211871096,-0.242545554921874
"ec:3.2.1.10",-0.582973975314915,-0.769633435105719,2.00035660158971,-0.276939254580926,-0.222105211871096,-0.242545554921874
"ec:3.2.1.106",-0.582973975314915,-0.769633435105719,2.00035660158971,-0.276939254580926,-0.222105211871096,-0.242545554921874
"ec:3.2.1.108",-0.582973975314915,-0.769633435105719,2.00035660158971,-0.276939254580926,-0.222105211871096,-0.242545554921874
"ec:3.2.1.113",-0.582973975314915,-0.769633435105719,2.00035660158971,-0.276939254580926,-0.222105211871096,-0.242545554921874
"ec:3.2.1.114",-0.582973975314915,-0.769633435105719,2.00035660158971,-0.276939254580926,-0.222105211871096,-0.242545554921874
"ec:3.2.1.14",-0.582973975314915,-0.769633435105719,2.00035660158971,-0.276939254580926,-0.222105211871096,-0.242545554921874
"ec:3.2.1.166",-0.582973975314915,-0.769633435105719,2.00035660158971,-0.276939254580926,-0.222105211871096,-0.242545554921874
"ec:3.2.1.18",-0.582973975314915,-0.769633435105719,2.00035660158971,-0.276939254580926,-0.222105211871096,-0.242545554921874
"ec:3.2.1.20",-0.582973975314915,-0.769633435105719,2.00035660158971,-0.276939254580926,-0.222105211871096,-0.242545554921874
"ec:3.2.1.21",-0.582973975314915,-0.769633435105719,2.00035660158971,-0.276939254580926,-0.222105211871096,-0.242545554921874
"ec:3.2.1.22",-0.582973975314915,-0.769633435105719,2.00035660158971,-0.276939254580926,-0.222105211871096,-0.242545554921874
"ec:3.2.1.23",-0.582973975314915,-0.769633435105719,2.00035660158971,-0.276939254580926,-0.222105211871096,-0.242545554921874
"ec:3.2.1.3",-0.582973975314915,-0.769633435105719,2.00035660158971,-0.276939254580926,-0.222105211871096,-0.242545554921874
"ec:3.2.1.31",-0.582973975314915,-0.769633435105719,2.00035660158971,-0.276939254580926,-0.222105211871096,-0.242545554921874
"ec:3.2.1.33",-0.582973975314915,-0.769633435105719,2.00035660158971,-0.276939254580926,-0.222105211871096,-0.242545554921874
"ec:3.2.1.35",-0.582973975314915,-0.769633435105719,2.00035660158971,-0.276939254580926,-0.222105211871096,-0.242545554921874
"ec:3.2.1.45",-0.582973975314915,-0.769633435105719,2.00035660158971,-0.276939254580926,-0.222105211871096,-0.242545554921874
"ec:3.2.1.46",-0.582973975314915,-0.769633435105719,2.00035660158971,-0.276939254580926,-0.222105211871096,-0.242545554921874
"ec:3.2.1.48",-0.582973975314915,-0.769633435105719,2.00035660158971,-0.276939254580926,-0.222105211871096,-0.242545554921874
"ec:3.2.1.49",-0.582973975314915,-0.769633435105719,2.00035660158971,-0.276939254580926,-0.222105211871096,-0.242545554921874
"ec:3.2.1.50",-0.582973975314915,-0.769633435105719,2.00035660158971,-0.276939254580926,-0.222105211871096,-0.242545554921874
"ec:3.2.1.52",-0.582973975314915,-0.769633435105719,2.00035660158971,-0.276939254580926,-0.222105211871096,-0.242545554921874
"ec:3.2.1.76",-0.582973975314915,-0.769633435105719,2.00035660158971,-0.276939254580926,-0.222105211871096,-0.242545554921874
"ec:3.2.1.84",-0.582973975314915,-0.769633435105719,2.00035660158971,-0.276939254580926,-0.222105211871096,-0.242545554921874
"ec:3.2.2.5",-0.582973975314915,-0.769633435105719,2.00035660158971,-0.276939254580926,-0.222105211871096,-0.242545554921874
"ec:3.3.1.1",-0.582973975314915,-0.769633435105719,2.00035660158971,-0.276939254580926,-0.222105211871096,-0.242545554921874
"ec:3.3.2.10",-0.582973975314915,-0.769633435105719,2.00035660158971,-0.276939254580926,-0.222105211871096,-0.242545554921874
"ec:3.3.2.6",-0.582973975314915,-0.769633435105719,2.00035660158971,-0.276939254580926,-0.222105211871096,-0.242545554921874
"ec:3.3.2.9",-0.582973975314915,-0.769633435105719,2.00035660158971,-0.276939254580926,-0.222105211871096,-0.242545554921874
"ec:3.4.11.1",-0.582973975314915,-0.769633435105719,2.00035660158971,-0.276939254580926,-0.222105211871096,-0.242545554921874
"ec:3.4.11.2",-0.582973975314915,-0.769633435105719,2.00035660158971,-0.276939254580926,-0.222105211871096,-0.242545554921874
"ec:3.4.11.5",-0.582973975314915,-0.769633435105719,2.00035660158971,-0.276939254580926,-0.222105211871096,-0.242545554921874
"ec:3.4.13.18",-0.582973975314915,-0.769633435105719,2.00035660158971,-0.276939254580926,-0.222105211871096,-0.242545554921874
"ec:3.4.13.20",-0.582973975314915,-0.769633435105719,2.00035660158971,-0.276939254580926,-0.222105211871096,-0.242545554921874
"ec:3.4.19.9",-0.582973975314915,-0.769633435105719,2.00035660158971,-0.276939254580926,-0.222105211871096,-0.242545554921874
"ec:3.4.24.84",-0.582973975314915,-0.769633435105719,2.00035660158971,-0.276939254580926,-0.222105211871096,-0.242545554921874
"ec:3.5.1.12",-0.582973975314915,-0.769633435105719,2.00035660158971,-0.276939254580926,-0.222105211871096,-0.242545554921874
"ec:3.5.1.14",-0.582973975314915,-0.769633435105719,2.00035660158971,-0.276939254580926,-0.222105211871096,-0.242545554921874
"ec:3.5.1.15",-0.582973975314915,-0.769633435105719,2.00035660158971,-0.276939254580926,-0.222105211871096,-0.242545554921874
"ec:3.5.1.2",-0.582973975314915,-0.769633435105719,2.00035660158971,-0.276939254580926,-0.222105211871096,-0.242545554921874
"ec:3.5.1.23",-0.582973975314915,-0.769633435105719,2.00035660158971,-0.276939254580926,-0.222105211871096,-0.242545554921874
"ec:3.5.1.25",-0.582973975314915,-0.769633435105719,2.00035660158971,-0.276939254580926,-0.222105211871096,-0.242545554921874
"ec:3.5.1.3",-0.582973975314915,-0.769633435105719,2.00035660158971,-0.276939254580926,-0.222105211871096,-0.242545554921874
"ec:3.5.1.6",-0.582973975314915,-0.769633435105719,2.00035660158971,-0.276939254580926,-0.222105211871096,-0.242545554921874
"ec:3.5.1.89",-0.582973975314915,-0.769633435105719,2.00035660158971,-0.276939254580926,-0.222105211871096,-0.242545554921874
"ec:3.5.1.9",-0.582973975314915,-0.769633435105719,2.00035660158971,-0.276939254580926,-0.222105211871096,-0.242545554921874
"ec:3.5.1.92",-0.582973975314915,-0.769633435105719,2.00035660158971,-0.276939254580926,-0.222105211871096,-0.242545554921874
"ec:3.5.2.2",-0.582973975314915,-0.769633435105719,2.00035660158971,-0.276939254580926,-0.222105211871096,-0.242545554921874
"ec:3.5.2.3",-0.582973975314915,-0.769633435105719,2.00035660158971,-0.276939254580926,-0.222105211871096,-0.242545554921874
"ec:3.5.2.7",-0.582973975314915,-0.769633435105719,2.00035660158971,-0.276939254580926,-0.222105211871096,-0.242545554921874
"ec:3.5.2.9",-0.582973975314915,-0.769633435105719,2.00035660158971,-0.276939254580926,-0.222105211871096,-0.242545554921874
"ec:3.5.3.1",-0.582973975314915,-0.769633435105719,2.00035660158971,-0.276939254580926,-0.222105211871096,-0.242545554921874
"ec:3.5.3.11",-0.582973975314915,-0.769633435105719,2.00035660158971,-0.276939254580926,-0.222105211871096,-0.242545554921874
"ec:3.5.4.10",-0.582973975314915,-0.769633435105719,2.00035660158971,-0.276939254580926,-0.222105211871096,-0.242545554921874
"ec:3.5.4.12",-0.582973975314915,-0.769633435105719,2.00035660158971,-0.276939254580926,-0.222105211871096,-0.242545554921874
"ec:3.5.4.16",-0.582973975314915,-0.769633435105719,2.00035660158971,-0.276939254580926,-0.222105211871096,-0.242545554921874
"ec:3.5.4.3",-0.582973975314915,-0.769633435105719,2.00035660158971,-0.276939254580926,-0.222105211871096,-0.242545554921874
"ec:3.5.4.4",-0.582973975314915,-0.769633435105719,2.00035660158971,-0.276939254580926,-0.222105211871096,-0.242545554921874
"ec:3.5.4.5",-0.582973975314915,-0.769633435105719,2.00035660158971,-0.276939254580926,-0.222105211871096,-0.242545554921874
"ec:3.5.4.6",-0.582973975314915,-0.769633435105719,2.00035660158971,-0.276939254580926,-0.222105211871096,-0.242545554921874
"ec:3.5.4.9",-0.582973975314915,-0.769633435105719,2.00035660158971,-0.276939254580926,-0.222105211871096,-0.242545554921874
"ec:3.5.99.6",-0.582973975314915,-0.769633435105719,2.00035660158971,-0.276939254580926,-0.222105211871096,-0.242545554921874
"ec:3.6.1.1",-0.582973975314915,-0.769633435105719,2.00035660158971,-0.276939254580926,-0.222105211871096,-0.242545554921874
"ec:3.6.1.11",-0.582973975314915,-0.769633435105719,2.00035660158971,-0.276939254580926,-0.222105211871096,-0.242545554921874
"ec:3.6.1.13",-0.582973975314915,-0.769633435105719,2.00035660158971,-0.276939254580926,-0.222105211871096,-0.242545554921874
"ec:3.6.1.15",-0.582973975314915,-0.769633435105719,2.00035660158971,-0.276939254580926,-0.222105211871096,-0.242545554921874
"ec:3.6.1.16",-0.582973975314915,-0.769633435105719,2.00035660158971,-0.276939254580926,-0.222105211871096,-0.242545554921874
"ec:3.6.1.17",-0.582973975314915,-0.769633435105719,2.00035660158971,-0.276939254580926,-0.222105211871096,-0.242545554921874
"ec:3.6.1.19",-0.582973975314915,-0.769633435105719,2.00035660158971,-0.276939254580926,-0.222105211871096,-0.242545554921874
"ec:3.6.1.22",-0.582973975314915,-0.769633435105719,2.00035660158971,-0.276939254580926,-0.222105211871096,-0.242545554921874
"ec:3.6.1.23",-0.582973975314915,-0.769633435105719,2.00035660158971,-0.276939254580926,-0.222105211871096,-0.242545554921874
"ec:3.6.1.28",-0.582973975314915,-0.769633435105719,2.00035660158971,-0.276939254580926,-0.222105211871096,-0.242545554921874
"ec:3.6.1.3",-0.582973975314915,-0.769633435105719,2.00035660158971,-0.276939254580926,-0.222105211871096,-0.242545554921874
"ec:3.6.1.43",-0.582973975314915,-0.769633435105719,2.00035660158971,-0.276939254580926,-0.222105211871096,-0.242545554921874
"ec:3.6.1.5",-0.582973975314915,-0.769633435105719,2.00035660158971,-0.276939254580926,-0.222105211871096,-0.242545554921874
"ec:3.6.1.6",-0.582973975314915,-0.769633435105719,2.00035660158971,-0.276939254580926,-0.222105211871096,-0.242545554921874
"ec:3.6.1.7",-0.582973975314915,-0.769633435105719,2.00035660158971,-0.276939254580926,-0.222105211871096,-0.242545554921874
"ec:3.6.1.9",-0.582973975314915,-0.769633435105719,2.00035660158971,-0.276939254580926,-0.222105211871096,-0.242545554921874
"ec:3.6.3.10",-0.582973975314915,-0.769633435105719,2.00035660158971,-0.276939254580926,-0.222105211871096,-0.242545554921874
"ec:3.6.3.14",-0.582973975314915,-0.769633435105719,2.00035660158971,-0.276939254580926,-0.222105211871096,-0.242545554921874
"ec:3.7.1.2",-0.582973975314915,-0.769633435105719,2.00035660158971,-0.276939254580926,-0.222105211871096,-0.242545554921874
"ec:3.7.1.3",-0.582973975314915,-0.769633435105719,2.00035660158971,-0.276939254580926,-0.222105211871096,-0.242545554921874
"ec:4.1.1.15",-0.582973975314915,-0.769633435105719,-0.499197725886915,3.60574909464366,-0.222105211871096,-0.242545554921874
"ec:4.1.1.17",-0.582973975314915,-0.769633435105719,-0.499197725886915,3.60574909464366,-0.222105211871096,-0.242545554921874
"ec:4.1.1.19",-0.582973975314915,-0.769633435105719,-0.499197725886915,3.60574909464366,-0.222105211871096,-0.242545554921874
"ec:4.1.1.21",-0.582973975314915,-0.769633435105719,-0.499197725886915,3.60574909464366,-0.222105211871096,-0.242545554921874
"ec:4.1.1.22",-0.582973975314915,-0.769633435105719,-0.499197725886915,3.60574909464366,-0.222105211871096,-0.242545554921874
"ec:4.1.1.23",-0.582973975314915,-0.769633435105719,-0.499197725886915,3.60574909464366,-0.222105211871096,-0.242545554921874
"ec:4.1.1.28",-0.582973975314915,-0.769633435105719,-0.499197725886915,3.60574909464366,-0.222105211871096,-0.242545554921874
"ec:4.1.1.29",-0.582973975314915,-0.769633435105719,-0.499197725886915,3.60574909464366,-0.222105211871096,-0.242545554921874
"ec:4.1.1.32",-0.582973975314915,-0.769633435105719,-0.499197725886915,3.60574909464366,-0.222105211871096,-0.242545554921874
"ec:4.1.1.33",-0.582973975314915,-0.769633435105719,-0.499197725886915,3.60574909464366,-0.222105211871096,-0.242545554921874
"ec:4.1.1.35",-0.582973975314915,-0.769633435105719,-0.499197725886915,3.60574909464366,-0.222105211871096,-0.242545554921874
"ec:4.1.1.36",-0.582973975314915,-0.769633435105719,-0.499197725886915,3.60574909464366,-0.222105211871096,-0.242545554921874
"ec:4.1.1.37",-0.582973975314915,-0.769633435105719,-0.499197725886915,3.60574909464366,-0.222105211871096,-0.242545554921874
"ec:4.1.1.45",-0.582973975314915,-0.769633435105719,-0.499197725886915,3.60574909464366,-0.222105211871096,-0.242545554921874
"ec:4.1.1.50",-0.582973975314915,-0.769633435105719,-0.499197725886915,3.60574909464366,-0.222105211871096,-0.242545554921874
"ec:4.1.1.65",-0.582973975314915,-0.769633435105719,-0.499197725886915,3.60574909464366,-0.222105211871096,-0.242545554921874
"ec:4.1.1.9",-0.582973975314915,-0.769633435105719,-0.499197725886915,3.60574909464366,-0.222105211871096,-0.242545554921874
"ec:4.1.1.90",-0.582973975314915,-0.769633435105719,-0.499197725886915,3.60574909464366,-0.222105211871096,-0.242545554921874
"ec:4.1.2.13",-0.582973975314915,-0.769633435105719,-0.499197725886915,3.60574909464366,-0.222105211871096,-0.242545554921874
"ec:4.1.2.27",-0.582973975314915,-0.769633435105719,-0.499197725886915,3.60574909464366,-0.222105211871096,-0.242545554921874
"ec:4.1.2.4",-0.582973975314915,-0.769633435105719,-0.499197725886915,3.60574909464366,-0.222105211871096,-0.242545554921874
"ec:4.1.3.3",-0.582973975314915,-0.769633435105719,-0.499197725886915,3.60574909464366,-0.222105211871096,-0.242545554921874
"ec:4.1.3.4",-0.582973975314915,-0.769633435105719,-0.499197725886915,3.60574909464366,-0.222105211871096,-0.242545554921874
"ec:4.2.1.107",-0.582973975314915,-0.769633435105719,-0.499197725886915,3.60574909464366,-0.222105211871096,-0.242545554921874
"ec:4.2.1.109",-0.582973975314915,-0.769633435105719,-0.499197725886915,3.60574909464366,-0.222105211871096,-0.242545554921874
"ec:4.2.1.11",-0.582973975314915,-0.769633435105719,-0.499197725886915,3.60574909464366,-0.222105211871096,-0.242545554921874
"ec:4.2.1.134",-0.582973975314915,-0.769633435105719,-0.499197725886915,3.60574909464366,-0.222105211871096,-0.242545554921874
"ec:4.2.1.17",-0.582973975314915,-0.769633435105719,-0.499197725886915,3.60574909464366,-0.222105211871096,-0.242545554921874
"ec:4.2.1.18",-0.582973975314915,-0.769633435105719,-0.499197725886915,3.60574909464366,-0.222105211871096,-0.242545554921874
"ec:4.2.1.2",-0.582973975314915,-0.769633435105719,-0.499197725886915,3.60574909464366,-0.222105211871096,-0.242545554921874
"ec:4.2.1.22",-0.582973975314915,-0.769633435105719,-0.499197725886915,3.60574909464366,-0.222105211871096,-0.242545554921874
"ec:4.2.1.24",-0.582973975314915,-0.769633435105719,-0.499197725886915,3.60574909464366,-0.222105211871096,-0.242545554921874
"ec:4.2.1.3",-0.582973975314915,-0.769633435105719,-0.499197725886915,3.60574909464366,-0.222105211871096,-0.242545554921874
"ec:4.2.1.47",-0.582973975314915,-0.769633435105719,-0.499197725886915,3.60574909464366,-0.222105211871096,-0.242545554921874
"ec:4.2.1.49",-0.582973975314915,-0.769633435105719,-0.499197725886915,3.60574909464366,-0.222105211871096,-0.242545554921874
"ec:4.2.1.75",-0.582973975314915,-0.769633435105719,-0.499197725886915,3.60574909464366,-0.222105211871096,-0.242545554921874
"ec:4.2.3.12",-0.582973975314915,-0.769633435105719,-0.499197725886915,3.60574909464366,-0.222105211871096,-0.242545554921874
"ec:4.3.1.17",-0.582973975314915,-0.769633435105719,-0.499197725886915,3.60574909464366,-0.222105211871096,-0.242545554921874
"ec:4.3.1.3",-0.582973975314915,-0.769633435105719,-0.499197725886915,3.60574909464366,-0.222105211871096,-0.242545554921874
"ec:4.3.1.4",-0.582973975314915,-0.769633435105719,-0.499197725886915,3.60574909464366,-0.222105211871096,-0.242545554921874
"ec:4.3.2.1",-0.582973975314915,-0.769633435105719,-0.499197725886915,3.60574909464366,-0.222105211871096,-0.242545554921874
"ec:4.3.2.2",-0.582973975314915,-0.769633435105719,-0.499197725886915,3.60574909464366,-0.222105211871096,-0.242545554921874
"ec:4.4.1.1",-0.582973975314915,-0.769633435105719,-0.499197725886915,3.60574909464366,-0.222105211871096,-0.242545554921874
"ec:4.4.1.16",-0.582973975314915,-0.769633435105719,-0.499197725886915,3.60574909464366,-0.222105211871096,-0.242545554921874
"ec:4.4.1.17",-0.582973975314915,-0.769633435105719,-0.499197725886915,3.60574909464366,-0.222105211871096,-0.242545554921874
"ec:4.4.1.20",-0.582973975314915,-0.769633435105719,-0.499197725886915,3.60574909464366,-0.222105211871096,-0.242545554921874
"ec:4.4.1.5",-0.582973975314915,-0.769633435105719,-0.499197725886915,3.60574909464366,-0.222105211871096,-0.242545554921874
"ec:4.6.1.1",-0.582973975314915,-0.769633435105719,-0.499197725886915,3.60574909464366,-0.222105211871096,-0.242545554921874
"ec:4.6.1.2",-0.582973975314915,-0.769633435105719,-0.499197725886915,3.60574909464366,-0.222105211871096,-0.242545554921874
"ec:4.99.1.1",-0.582973975314915,-0.769633435105719,-0.499197725886915,3.60574909464366,-0.222105211871096,-0.242545554921874
"ec:5.1.1.18",-0.582973975314915,-0.769633435105719,-0.499197725886915,-0.276939254580926,4.49594792514824,-0.242545554921874
"ec:5.1.3.1",-0.582973975314915,-0.769633435105719,-0.499197725886915,-0.276939254580926,4.49594792514824,-0.242545554921874
"ec:5.1.3.14",-0.582973975314915,-0.769633435105719,-0.499197725886915,-0.276939254580926,4.49594792514824,-0.242545554921874
"ec:5.1.3.2",-0.582973975314915,-0.769633435105719,-0.499197725886915,-0.276939254580926,4.49594792514824,-0.242545554921874
"ec:5.1.3.3",-0.582973975314915,-0.769633435105719,-0.499197725886915,-0.276939254580926,4.49594792514824,-0.242545554921874
"ec:5.1.3.8",-0.582973975314915,-0.769633435105719,-0.499197725886915,-0.276939254580926,4.49594792514824,-0.242545554921874
"ec:5.1.99.1",-0.582973975314915,-0.769633435105719,-0.499197725886915,-0.276939254580926,4.49594792514824,-0.242545554921874
"ec:5.1.99.4",-0.582973975314915,-0.769633435105719,-0.499197725886915,-0.276939254580926,4.49594792514824,-0.242545554921874
"ec:5.2.1.2",-0.582973975314915,-0.769633435105719,-0.499197725886915,-0.276939254580926,4.49594792514824,-0.242545554921874
"ec:5.3.1.1",-0.582973975314915,-0.769633435105719,-0.499197725886915,-0.276939254580926,4.49594792514824,-0.242545554921874
"ec:5.3.1.22",-0.582973975314915,-0.769633435105719,-0.499197725886915,-0.276939254580926,4.49594792514824,-0.242545554921874
"ec:5.3.1.23",-0.582973975314915,-0.769633435105719,-0.499197725886915,-0.276939254580926,4.49594792514824,-0.242545554921874
"ec:5.3.1.6",-0.582973975314915,-0.769633435105719,-0.499197725886915,-0.276939254580926,4.49594792514824,-0.242545554921874
"ec:5.3.1.8",-0.582973975314915,-0.769633435105719,-0.499197725886915,-0.276939254580926,4.49594792514824,-0.242545554921874
"ec:5.3.1.9",-0.582973975314915,-0.769633435105719,-0.499197725886915,-0.276939254580926,4.49594792514824,-0.242545554921874
"ec:5.3.2.1",-0.582973975314915,-0.769633435105719,-0.499197725886915,-0.276939254580926,4.49594792514824,-0.242545554921874
"ec:5.3.3.1",-0.582973975314915,-0.769633435105719,-0.499197725886915,-0.276939254580926,4.49594792514824,-0.242545554921874
"ec:5.3.3.2",-0.582973975314915,-0.769633435105719,-0.499197725886915,-0.276939254580926,4.49594792514824,-0.242545554921874
"ec:5.3.3.5",-0.582973975314915,-0.769633435105719,-0.499197725886915,-0.276939254580926,4.49594792514824,-0.242545554921874
"ec:5.3.3.8",-0.582973975314915,-0.769633435105719,-0.499197725886915,-0.276939254580926,4.49594792514824,-0.242545554921874
"ec:5.3.99.2",-0.582973975314915,-0.769633435105719,-0.499197725886915,-0.276939254580926,4.49594792514824,-0.242545554921874
"ec:5.3.99.3",-0.582973975314915,-0.769633435105719,-0.499197725886915,-0.276939254580926,4.49594792514824,-0.242545554921874
"ec:5.3.99.4",-0.582973975314915,-0.769633435105719,-0.499197725886915,-0.276939254580926,4.49594792514824,-0.242545554921874
"ec:5.3.99.5",-0.582973975314915,-0.769633435105719,-0.499197725886915,-0.276939254580926,4.49594792514824,-0.242545554921874
"ec:5.4.2.1",-0.582973975314915,-0.769633435105719,-0.499197725886915,-0.276939254580926,4.49594792514824,-0.242545554921874
"ec:5.4.2.2",-0.582973975314915,-0.769633435105719,-0.499197725886915,-0.276939254580926,4.49594792514824,-0.242545554921874
"ec:5.4.2.3",-0.582973975314915,-0.769633435105719,-0.499197725886915,-0.276939254580926,4.49594792514824,-0.242545554921874
"ec:5.4.2.4",-0.582973975314915,-0.769633435105719,-0.499197725886915,-0.276939254580926,4.49594792514824,-0.242545554921874
"ec:5.4.2.7",-0.582973975314915,-0.769633435105719,-0.499197725886915,-0.276939254580926,4.49594792514824,-0.242545554921874
"ec:5.4.2.8",-0.582973975314915,-0.769633435105719,-0.499197725886915,-0.276939254580926,4.49594792514824,-0.242545554921874
"ec:5.4.99.2",-0.582973975314915,-0.769633435105719,-0.499197725886915,-0.276939254580926,4.49594792514824,-0.242545554921874
"ec:5.4.99.7",-0.582973975314915,-0.769633435105719,-0.499197725886915,-0.276939254580926,4.49594792514824,-0.242545554921874
"ec:5.5.1.4",-0.582973975314915,-0.769633435105719,-0.499197725886915,-0.276939254580926,4.49594792514824,-0.242545554921874
"ec:6.1.1.10",-0.582973975314915,-0.769633435105719,-0.499197725886915,-0.276939254580926,-0.222105211871096,4.11705531687898
"ec:6.1.1.11",-0.582973975314915,-0.769633435105719,-0.499197725886915,-0.276939254580926,-0.222105211871096,4.11705531687898
"ec:6.2.1.1",-0.582973975314915,-0.769633435105719,-0.499197725886915,-0.276939254580926,-0.222105211871096,4.11705531687898
"ec:6.2.1.16",-0.582973975314915,-0.769633435105719,-0.499197725886915,-0.276939254580926,-0.222105211871096,4.11705531687898
"ec:6.2.1.17",-0.582973975314915,-0.769633435105719,-0.499197725886915,-0.276939254580926,-0.222105211871096,4.11705531687898
"ec:6.2.1.2",-0.582973975314915,-0.769633435105719,-0.499197725886915,-0.276939254580926,-0.222105211871096,4.11705531687898
"ec:6.2.1.3",-0.582973975314915,-0.769633435105719,-0.499197725886915,-0.276939254580926,-0.222105211871096,4.11705531687898
"ec:6.2.1.4",-0.582973975314915,-0.769633435105719,-0.499197725886915,-0.276939254580926,-0.222105211871096,4.11705531687898
"ec:6.2.1.5",-0.582973975314915,-0.769633435105719,-0.499197725886915,-0.276939254580926,-0.222105211871096,4.11705531687898
"ec:6.2.1.7",-0.582973975314915,-0.769633435105719,-0.499197725886915,-0.276939254580926,-0.222105211871096,4.11705531687898
"ec:6.3.1.2",-0.582973975314915,-0.769633435105719,-0.499197725886915,-0.276939254580926,-0.222105211871096,4.11705531687898
"ec:6.3.2.11",-0.582973975314915,-0.769633435105719,-0.499197725886915,-0.276939254580926,-0.222105211871096,4.11705531687898
"ec:6.3.2.17",-0.582973975314915,-0.769633435105719,-0.499197725886915,-0.276939254580926,-0.222105211871096,4.11705531687898
"ec:6.3.2.2",-0.582973975314915,-0.769633435105719,-0.499197725886915,-0.276939254580926,-0.222105211871096,4.11705531687898
"ec:6.3.2.3",-0.582973975314915,-0.769633435105719,-0.499197725886915,-0.276939254580926,-0.222105211871096,4.11705531687898
"ec:6.3.2.5",-0.582973975314915,-0.769633435105719,-0.499197725886915,-0.276939254580926,-0.222105211871096,4.11705531687898
"ec:6.3.2.6",-0.582973975314915,-0.769633435105719,-0.499197725886915,-0.276939254580926,-0.222105211871096,4.11705531687898
"ec:6.3.3.1",-0.582973975314915,-0.769633435105719,-0.499197725886915,-0.276939254580926,-0.222105211871096,4.11705531687898
"ec:6.3.3.2",-0.582973975314915,-0.769633435105719,-0.499197725886915,-0.276939254580926,-0.222105211871096,4.11705531687898
"ec:6.3.4.10",-0.582973975314915,-0.769633435105719,-0.499197725886915,-0.276939254580926,-0.222105211871096,4.11705531687898
"ec:6.3.4.11",-0.582973975314915,-0.769633435105719,-0.499197725886915,-0.276939254580926,-0.222105211871096,4.11705531687898
"ec:6.3.4.13",-0.582973975314915,-0.769633435105719,-0.499197725886915,-0.276939254580926,-0.222105211871096,4.11705531687898
"ec:6.3.4.14",-0.582973975314915,-0.769633435105719,-0.499197725886915,-0.276939254580926,-0.222105211871096,4.11705531687898
"ec:6.3.4.15",-0.582973975314915,-0.769633435105719,-0.499197725886915,-0.276939254580926,-0.222105211871096,4.11705531687898
"ec:6.3.4.16",-0.582973975314915,-0.769633435105719,-0.499197725886915,-0.276939254580926,-0.222105211871096,4.11705531687898
"ec:6.3.4.2",-0.582973975314915,-0.769633435105719,-0.499197725886915,-0.276939254580926,-0.222105211871096,4.11705531687898
"ec:6.3.4.3",-0.582973975314915,-0.769633435105719,-0.499197725886915,-0.276939254580926,-0.222105211871096,4.11705531687898
"ec:6.3.4.4",-0.582973975314915,-0.769633435105719,-0.499197725886915,-0.276939254580926,-0.222105211871096,4.11705531687898
"ec:6.3.4.5",-0.582973975314915,-0.769633435105719,-0.499197725886915,-0.276939254580926,-0.222105211871096,4.11705531687898
"ec:6.3.4.9",-0.582973975314915,-0.769633435105719,-0.499197725886915,-0.276939254580926,-0.222105211871096,4.11705531687898
"ec:6.3.5.1",-0.582973975314915,-0.769633435105719,-0.499197725886915,-0.276939254580926,-0.222105211871096,4.11705531687898
"ec:6.3.5.2",-0.582973975314915,-0.769633435105719,-0.499197725886915,-0.276939254580926,-0.222105211871096,4.11705531687898
"ec:6.3.5.3",-0.582973975314915,-0.769633435105719,-0.499197725886915,-0.276939254580926,-0.222105211871096,4.11705531687898
"ec:6.3.5.4",-0.582973975314915,-0.769633435105719,-0.499197725886915,-0.276939254580926,-0.222105211871096,4.11705531687898
"ec:6.3.5.5",-0.582973975314915,-0.769633435105719,-0.499197725886915,-0.276939254580926,-0.222105211871096,4.11705531687898
"ec:6.4.1.1",-0.582973975314915,-0.769633435105719,-0.499197725886915,-0.276939254580926,-0.222105211871096,4.11705531687898
"ec:6.4.1.2",-0.582973975314915,-0.769633435105719,-0.499197725886915,-0.276939254580926,-0.222105211871096,4.11705531687898
"ec:6.4.1.3",-0.582973975314915,-0.769633435105719,-0.499197725886915,-0.276939254580926,-0.222105211871096,4.11705531687898
"ec:6.4.1.4",-0.582973975314915,-0.769633435105719,-0.499197725886915,-0.276939254580926,-0.222105211871096,4.11705531687898
