"","V1","V2","V3","V4","V5","V6"
"ec:1.1.1.1",-2.06657666565599,0.852819682546247,0.753212707074069,-1.11611694049529,1.43270135329666,-0.244353648919868
"ec:1.1.1.10",-0.0499305398989782,0.396560440456057,0.540987473965476,-0.21757590751698,-0.515342247805178,0.141683043771024
"ec:1.1.1.102",0.0690309338773206,-0.625073316259604,-0.143345429833722,0.571111463941413,0.863807543397318,1.90964315812564
"ec:1.1.1.103",-0.0499305398989782,0.396560440456057,0.540987473965476,-0.21757590751698,-0.515342247805178,0.141683043771024
"ec:1.1.1.105",-0.697198504912899,-0.00372218721712418,0.618499210106598,-0.648117262271945,1.54544819593396,-0.214581487680254
"ec:1.1.1.14",-0.0499305398989782,0.396560440456057,0.540987473965476,-0.21757590751698,-0.515342247805178,0.141683043771024
"ec:1.1.1.145",0.557095667389756,0.622212767492617,-0.416284654032063,-0.0297178841294083,1.63515642776187,-0.557308616934504
"ec:1.1.1.146",-0.210367659675767,1.91817990511227,-0.344456502328402,-0.915187122577342,0.901126300554564,-1.35808060843679
"ec:1.1.1.149",-0.978549811509231,-0.748481285950864,-0.6255175089255,-0.089137627403431,-1.81299207481058,0.0915077653775835
"ec:1.1.1.153",-0.0499305398989782,0.396560440456057,0.540987473965476,-0.21757590751698,-0.515342247805178,0.141683043771024
"ec:1.1.1.170",-0.0499305398989782,0.396560440456057,0.540987473965476,-0.21757590751698,-0.515342247805178,0.141683043771024
"ec:1.1.1.178",0.489363945672552,0.245512857920496,0.217238644116401,1.09146831113198,-0.0869752650593421,0.0781991817419333
"ec:1.1.1.179",-0.0499305398989782,0.396560440456057,0.540987473965476,-0.21757590751698,-0.515342247805178,0.141683043771024
"ec:1.1.1.181",-0.697198504912899,-0.00372218721712418,0.618499210106598,-0.648117262271945,1.54544819593396,-0.214581487680254
"ec:1.1.1.184",-0.0499305398989782,0.396560440456057,0.540987473965476,-0.21757590751698,-0.515342247805178,0.141683043771024
"ec:1.1.1.189",-0.0499305398989782,0.396560440456057,0.540987473965476,-0.21757590751698,-0.515342247805178,0.141683043771024
"ec:1.1.1.2",-0.0499305398989782,0.396560440456057,0.540987473965476,-0.21757590751698,-0.515342247805178,0.141683043771024
"ec:1.1.1.205",-0.543066762935027,0.503563345186977,0.403332472182775,1.22612240973368,-0.0187384026721039,-0.311183010812811
"ec:1.1.1.21",0.0690309338773206,-0.625073316259604,-0.143345429833722,0.571111463941413,0.863807543397318,1.90964315812564
"ec:1.1.1.211",0.364869060827984,-1.0750871160185,0.355920160843494,-0.104242437588427,-0.48550896175622,-1.3042704774155
"ec:1.1.1.22",-1.59968039712849,0.741852096799262,-0.657076346714948,-0.0707055578499294,0.443512131492585,0.991164541377068
"ec:1.1.1.239",0.527000622414646,0.538951025280984,0.239766609859506,0.420170874357086,0.277046334956897,-1.02486301672037
"ec:1.1.1.27",-0.600147114367354,-0.867657511452058,-0.70544074531607,-0.335189617187344,-1.5186047884237,-0.288310011025648
"ec:1.1.1.270",-0.0499305398989782,0.396560440456057,0.540987473965476,-0.21757590751698,-0.515342247805178,0.141683043771024
"ec:1.1.1.271",-0.0499305398989782,0.396560440456057,0.540987473965476,-0.21757590751698,-0.515342247805178,0.141683043771024
"ec:1.1.1.30",-0.697198504912899,-0.00372218721712418,0.618499210106598,-0.648117262271945,1.54544819593396,-0.214581487680254
"ec:1.1.1.31",0.0690309338773206,-0.625073316259604,-0.143345429833722,0.571111463941413,0.863807543397318,1.90964315812564
"ec:1.1.1.330",-0.0499305398989782,0.396560440456057,0.540987473965476,-0.21757590751698,-0.515342247805178,0.141683043771024
"ec:1.1.1.34",-0.0499305398989782,0.396560440456057,0.540987473965476,-0.21757590751698,-0.515342247805178,0.141683043771024
"ec:1.1.1.35",1.00830296251231,0.345642692233692,-0.111219847797878,2.97298532530848,-2.95200568329997,-2.46533021958163
"ec:1.1.1.37",0.405418003127706,-1.66014031177089,-1.48942894801087,-0.986650628480314,-0.740504172970601,1.32546318236143
"ec:1.1.1.38",0.178203484940768,-1.43747132968761,1.81138147123219,0.993261048263305,-0.43546546517675,-1.92097099959372
"ec:1.1.1.40",0.178203484940768,-1.43747132968761,1.81138147123219,0.993261048263305,-0.43546546517675,-1.92097099959372
"ec:1.1.1.41",-0.697198504912899,-0.00372218721712418,0.618499210106598,-0.648117262271945,1.54544819593396,-0.214581487680254
"ec:1.1.1.42",-0.697198504912899,-0.00372218721712418,0.618499210106598,-0.648117262271945,1.54544819593396,-0.214581487680254
"ec:1.1.1.44",-0.0499305398989782,0.396560440456057,0.540987473965476,-0.21757590751698,-0.515342247805178,0.141683043771024
"ec:1.1.1.47",0.0694993836980875,-0.467586052236551,0.540319499065535,-0.465091370165873,-0.870578237852181,-1.29443079491577
"ec:1.1.1.49",0.489363945672552,0.245512857920496,0.217238644116401,1.09146831113198,-0.0869752650593421,0.0781991817419333
"ec:1.1.1.62",0.527000622414646,0.538951025280984,0.239766609859506,0.420170874357086,0.277046334956897,-1.02486301672037
"ec:1.1.1.64",-0.267192809385015,1.0237053398155,-0.78375034251401,-0.466854548281324,-0.712844660734571,-0.35575411103693
"ec:1.1.1.79",-2.70176723058159,1.57278946021139,1.2369173583303,0.074948486566184,2.78353274010465,2.68346037350236
"ec:1.1.1.8",-0.0499305398989782,0.396560440456057,0.540987473965476,-0.21757590751698,-0.515342247805178,0.141683043771024
"ec:1.1.1.81",-2.25450672890919,-2.62252794111238,0.679196910829581,-2.22718146248557,1.89124395414869,1.62308376815242
"ec:1.1.1.95",-0.0499305398989782,0.396560440456057,0.540987473965476,-0.21757590751698,-0.515342247805178,0.141683043771024
"ec:1.1.2.4",-0.600147114367354,-0.867657511452058,-0.70544074531607,-0.335189617187344,-1.5186047884237,-0.288310011025648
"ec:1.1.3.15",-1.25133780391165,0.955454227507564,0.469148916402237,3.03269906599845,1.67949524842065,-3.68371804187275
"ec:1.1.3.8",-0.0499305398989782,0.396560440456057,0.540987473965476,-0.21757590751698,-0.515342247805178,0.141683043771024
"ec:1.1.4.1",-0.0499305398989782,0.396560440456057,0.540987473965476,-0.21757590751698,-0.515342247805178,0.141683043771024
"ec:1.1.5.3",-0.0499305398989782,0.396560440456057,0.540987473965476,-0.21757590751698,-0.515342247805178,0.141683043771024
"ec:1.1.99.1",-0.0499305398989782,0.396560440456057,0.540987473965476,-0.21757590751698,-0.515342247805178,0.141683043771024
"ec:1.11.1.12",0.489363945672552,0.245512857920496,0.217238644116401,1.09146831113198,-0.0869752650593421,0.0781991817419333
"ec:1.11.1.20",-1.24453037548659,-0.584130707926808,-0.112961429623889,0.0890474594403563,-0.928569102544916,-0.751299046627382
"ec:1.11.1.6",-0.0499305398989782,0.396560440456057,0.540987473965476,-0.21757590751698,-0.515342247805178,0.141683043771024
"ec:1.11.1.7",-2.06918261502759,-1.37740966838772,-1.85757222061521,0.909579082985266,1.10790319257553,1.08393907620239
"ec:1.11.1.8",-2.47569288674889,-1.1624115659531,-1.59259261505693,0.85498835028538,-0.666191960638792,-0.647702437280703
"ec:1.11.1.9",-1.38208318597001,0.536973395369054,-2.35737612299781,-0.127106653409401,-0.378975052748072,0.563301654631614
"ec:1.13.11.11",-1.59968039712849,0.741852096799262,-0.657076346714948,-0.0707055578499294,0.443512131492585,0.991164541377068
"ec:1.13.11.19",-0.0499305398989782,0.396560440456057,0.540987473965476,-0.21757590751698,-0.515342247805178,0.141683043771024
"ec:1.13.11.20",-0.0499305398989782,0.396560440456057,0.540987473965476,-0.21757590751698,-0.515342247805178,0.141683043771024
"ec:1.13.11.27",-1.45886463701322,-0.608494290051585,-1.9686186836231,-1.05574676683332,1.94317340470488,1.16300244395269
"ec:1.13.11.31",-0.316586230678573,-1.79285281612958,-0.839767032893867,0.185846694115065,-0.286714977382836,2.05182968700194
"ec:1.13.11.33",0.343283505008287,-1.00002604892384,0.93865597472943,1.13365243994825,0.537297437840921,0.116019425344791
"ec:1.13.11.34",-0.92725336918677,-0.12677025069228,1.54442422866013,1.70159164124267,0.521793785374535,-0.949771273287831
"ec:1.13.11.5",-0.0499305398989782,0.396560440456057,0.540987473965476,-0.21757590751698,-0.515342247805178,0.141683043771024
"ec:1.13.11.52",-4.16211984326897,1.15466679146906,-0.184491116466217,-1.39201157898875,1.01478071943258,-0.160087495501359
"ec:1.13.11.53",-1.45886463701322,-0.608494290051585,-1.9686186836231,-1.05574676683332,1.94317340470488,1.16300244395269
"ec:1.13.11.54",-1.45886463701322,-0.608494290051585,-1.9686186836231,-1.05574676683332,1.94317340470488,1.16300244395269
"ec:1.13.11.6",-0.0499305398989782,0.396560440456057,0.540987473965476,-0.21757590751698,-0.515342247805178,0.141683043771024
"ec:1.13.99.1",-0.0499305398989782,0.396560440456057,0.540987473965476,-0.21757590751698,-0.515342247805178,0.141683043771024
"ec:1.14.11.1",-0.0499305398989782,0.396560440456057,0.540987473965476,-0.21757590751698,-0.515342247805178,0.141683043771024
"ec:1.14.11.2",-0.697198504912899,-0.00372218721712418,0.618499210106598,-0.648117262271945,1.54544819593396,-0.214581487680254
"ec:1.14.11.4",-0.0499305398989782,0.396560440456057,0.540987473965476,-0.21757590751698,-0.515342247805178,0.141683043771024
"ec:1.14.13.100",-0.975494443791895,-0.740384916535434,-0.611996887984415,-0.0952137649723566,-1.77649443937923,0.088175734814032
"ec:1.14.13.126",-0.0499305398989782,0.396560440456057,0.540987473965476,-0.21757590751698,-0.515342247805178,0.141683043771024
"ec:1.14.13.13",-0.0499305398989782,0.396560440456057,0.540987473965476,-0.21757590751698,-0.515342247805178,0.141683043771024
"ec:1.14.13.15",-2.24968009140054,-0.0238882449102969,-2.70100126825618,1.5502234327622,1.77336088948215,1.23353253741422
"ec:1.14.13.159",-0.0499305398989782,0.396560440456057,0.540987473965476,-0.21757590751698,-0.515342247805178,0.141683043771024
"ec:1.14.13.17",-0.540623467237234,-0.832095795043045,-0.594707518519219,-0.346736738052709,-1.46100317441703,-0.377743130862799
"ec:1.14.13.30",-0.333566662265906,-1.49882378786809,1.95355607395025,1.9778357098065,0.142503301678725,0.01589911975254
"ec:1.14.13.39",-2.24968009140054,-0.0238882449102969,-2.70100126825618,1.5502234327622,1.77336088948215,1.23353253741422
"ec:1.14.13.70",-0.697198504912899,-0.00372218721712418,0.618499210106598,-0.648117262271945,1.54544819593396,-0.214581487680254
"ec:1.14.13.72",-0.0499305398989782,0.396560440456057,0.540987473965476,-0.21757590751698,-0.515342247805178,0.141683043771024
"ec:1.14.13.8",-0.0499305398989782,0.396560440456057,0.540987473965476,-0.21757590751698,-0.515342247805178,0.141683043771024
"ec:1.14.13.9",0.489363945672552,0.245512857920496,0.217238644116401,1.09146831113198,-0.0869752650593421,0.0781991817419333
"ec:1.14.13.98",0.489363945672552,0.245512857920496,0.217238644116401,1.09146831113198,-0.0869752650593421,0.0781991817419333
"ec:1.14.13.99",-0.0499305398989782,0.396560440456057,0.540987473965476,-0.21757590751698,-0.515342247805178,0.141683043771024
"ec:1.14.14.1",0.573834651893295,-1.36976347858398,2.05926891633156,-1.19383683886786,1.29594408055796,-1.28772914835622
"ec:1.14.15.3",-0.971236528848748,0.221742614925495,0.0387912145659947,1.68550830524192,-0.370023684651446,-0.0240642859661586
"ec:1.14.15.4",0.057725658344399,1.17702924797787,-1.11000846801505,-0.556460696069703,0.259207803437018,-1.43146484020969
"ec:1.14.15.5",0.057725658344399,1.17702924797787,-1.11000846801505,-0.556460696069703,0.259207803437018,-1.43146484020969
"ec:1.14.15.6",-0.978549811509231,-0.748481285950864,-0.6255175089255,-0.089137627403431,-1.81299207481058,0.0915077653775835
"ec:1.14.16.1",-2.06918261502759,-1.37740966838772,-1.85757222061521,0.909579082985266,1.10790319257553,1.08393907620239
"ec:1.14.16.2",-2.47569288674889,-1.1624115659531,-1.59259261505693,0.85498835028538,-0.666191960638792,-0.647702437280703
"ec:1.14.16.4",0.0690309338773206,-0.625073316259604,-0.143345429833722,0.571111463941413,0.863807543397318,1.90964315812564
"ec:1.14.17.1",-0.96032197006725,1.03151576192577,0.578006910282357,-0.465433026924046,1.79021342621976,0.644657164136648
"ec:1.14.18.1",-2.47569288674889,-1.1624115659531,-1.59259261505693,0.85498835028538,-0.666191960638792,-0.647702437280703
"ec:1.14.18.2",0.0690309338773206,-0.625073316259604,-0.143345429833722,0.571111463941413,0.863807543397318,1.90964315812564
"ec:1.14.21.6",-0.697198504912899,-0.00372218721712418,0.618499210106598,-0.648117262271945,1.54544819593396,-0.214581487680254
"ec:1.14.99.1",-0.205754476846692,-1.80373488901496,-0.867179696678837,0.0435381445908649,-0.308446601537898,1.69244393814413
"ec:1.14.99.10",0.899206849920207,3.08434688164066,-0.589867318487719,0.761134942091943,1.76579159205413,-0.984824599841011
"ec:1.14.99.3",-0.0499305398989782,0.396560440456057,0.540987473965476,-0.21757590751698,-0.515342247805178,0.141683043771024
"ec:1.14.99.36",-0.697198504912899,-0.00372218721712418,0.618499210106598,-0.648117262271945,1.54544819593396,-0.214581487680254
"ec:1.14.99.38",0.0694993836980875,-0.467586052236551,0.540319499065535,-0.465091370165873,-0.870578237852181,-1.29443079491577
"ec:1.14.99.9",0.763873020063795,1.57235416280568,-0.576773211389965,0.0486109655507809,1.68755304475066,-0.00747979558455807
"ec:1.16.3.1",-0.0499305398989782,0.396560440456057,0.540987473965476,-0.21757590751698,-0.515342247805178,0.141683043771024
"ec:1.17.1.4",0.266827790860232,-1.06204435981354,1.37350351017304,0.371068856136674,-0.833983871478525,-2.07564998159174
"ec:1.17.3.2",-2.87309284855288,0.759939221480138,2.65638478317275,0.0950969456552884,-0.279855562510328,-1.9823906898138
"ec:1.17.4.1",0.527301589866028,-0.649925462886808,-1.88902295898546,-0.354920479645143,-0.719478476917189,-0.302578629223179
"ec:1.17.99.3",-0.0499305398989782,0.396560440456057,0.540987473965476,-0.21757590751698,-0.515342247805178,0.141683043771024
"ec:1.2.1.12",0.636724701499931,-1.25117158555891,-0.69863080034937,-0.456051420946868,-0.366304912976648,-0.847470458529891
"ec:1.2.1.18",0.547501403201179,0.046454792258535,-1.5312790519576,-0.893334060941377,-0.821409341449327,0.828200904320591
"ec:1.2.1.24",-0.0499305398989782,0.396560440456057,0.540987473965476,-0.21757590751698,-0.515342247805178,0.141683043771024
"ec:1.2.1.27",-0.282854123840036,1.05197731774924,0.0555308086663411,-0.589021543858916,1.3203869738122,-0.71235803255616
"ec:1.2.1.3",-0.431532530821295,-1.94130179709263,-0.481331896427858,-1.20480368064315,0.731044353321878,-1.16457714163236
"ec:1.2.1.31",-0.0499305398989782,0.396560440456057,0.540987473965476,-0.21757590751698,-0.515342247805178,0.141683043771024
"ec:1.2.1.36",-0.205024357427382,2.12407955421275,-1.57276228311929,1.52904937877441,0.918780635018545,-0.443407673347298
"ec:1.2.1.41",-1.5631697154046,-0.783775470365014,-3.00156227655225,-0.62079641530178,0.0826193743633631,0.373216094843486
"ec:1.2.1.47",-0.0499305398989782,0.396560440456057,0.540987473965476,-0.21757590751698,-0.515342247805178,0.141683043771024
"ec:1.2.1.5",-0.656258254518204,-1.11763848326677,-0.271892312969547,-0.186896840753648,0.00206270030504419,0.122085500446758
"ec:1.2.1.8",-0.0499305398989782,0.396560440456057,0.540987473965476,-0.21757590751698,-0.515342247805178,0.141683043771024
"ec:1.2.3.1",0.820337044921663,-0.658999059455162,-0.876534580199614,-0.75741482469901,0.257977615490439,0.246814349483661
"ec:1.2.4.1",-0.600147114367354,-0.867657511452058,-0.70544074531607,-0.335189617187344,-1.5186047884237,-0.288310011025648
"ec:1.2.4.2",-0.697198504912899,-0.00372218721712418,0.618499210106598,-0.648117262271945,1.54544819593396,-0.214581487680254
"ec:1.2.4.4",-0.0499305398989782,0.396560440456057,0.540987473965476,-0.21757590751698,-0.515342247805178,0.141683043771024
"ec:1.3.1.2",-0.272905612485596,0.181656065560826,0.18706912139904,-0.00841248843677914,1.16435335372179,-0.682186925133095
"ec:1.3.1.20",-0.0499305398989782,0.396560440456057,0.540987473965476,-0.21757590751698,-0.515342247805178,0.141683043771024
"ec:1.3.1.21",-1.45886463701322,-0.608494290051585,-1.9686186836231,-1.05574676683332,1.94317340470488,1.16300244395269
"ec:1.3.1.24",-0.0499305398989782,0.396560440456057,0.540987473965476,-0.21757590751698,-0.515342247805178,0.141683043771024
"ec:1.3.1.3",1.07850913031143,1.7000069971635,-0.475119136273225,-0.327894099393821,1.60073581346378,-1.45729076862493
"ec:1.3.1.38",0.489363945672552,0.245512857920496,0.217238644116401,1.09146831113198,-0.0869752650593421,0.0781991817419333
"ec:1.3.1.70",-1.45886463701322,-0.608494290051585,-1.9686186836231,-1.05574676683332,1.94317340470488,1.16300244395269
"ec:1.3.1.72",-1.46498239099893,1.9939599547783,1.0693622318554,-0.888709991499776,3.15750947447448,0.211809522614661
"ec:1.3.1.93",-0.0499305398989782,0.396560440456057,0.540987473965476,-0.21757590751698,-0.515342247805178,0.141683043771024
"ec:1.3.3.3",-0.0499305398989782,0.396560440456057,0.540987473965476,-0.21757590751698,-0.515342247805178,0.141683043771024
"ec:1.3.3.4",-0.0499305398989782,0.396560440456057,0.540987473965476,-0.21757590751698,-0.515342247805178,0.141683043771024
"ec:1.3.3.6",-0.0508799549796173,-0.390211470292199,-1.26388027431018,-0.744531085100136,-1.07092182537437,-0.0419699122320534
"ec:1.3.5.1",-0.0499305398989782,0.396560440456057,0.540987473965476,-0.21757590751698,-0.515342247805178,0.141683043771024
"ec:1.3.5.2",0.489363945672552,0.245512857920496,0.217238644116401,1.09146831113198,-0.0869752650593421,0.0781991817419333
"ec:1.3.8.1",-0.0508799549796173,-0.390211470292199,-1.26388027431018,-0.744531085100136,-1.07092182537437,-0.0419699122320534
"ec:1.3.8.4",0.489363945672552,0.245512857920496,0.217238644116401,1.09146831113198,-0.0869752650593421,0.0781991817419333
"ec:1.3.8.6",-2.71882394054516,-0.748201838110567,-1.26317295075857,0.684312250497815,-1.91743523228786,-1.53441111080117
"ec:1.3.8.7",-0.352764796620222,0.0801556422193662,-2.04414640467862,1.08600328568233,1.51850802199975,-2.65367864985286
"ec:1.3.8.8",0.424586488011654,-1.86559140039247,-1.02306477201378,-0.765803821798505,-0.432039758474201,-0.351514581034731
"ec:1.3.8.9",0.424586488011654,-1.86559140039247,-1.02306477201378,-0.765803821798505,-0.432039758474201,-0.351514581034731
"ec:1.3.99.12",-0.0499305398989782,0.396560440456057,0.540987473965476,-0.21757590751698,-0.515342247805178,0.141683043771024
"ec:1.3.99.23",-1.25133780391165,0.955454227507564,0.469148916402237,3.03269906599845,1.67949524842065,-3.68371804187275
"ec:1.3.99.5",-1.03836705096166,2.35034633827767,-0.476923900354021,-0.214506018464284,-0.80427561620661,-1.98912092573451
"ec:1.4.1.3",-0.603931281602583,1.2166680180469,-0.928945509282153,1.49869653156929,0.137220481498887,-1.63431998476973
"ec:1.4.3.1",-0.697198504912899,-0.00372218721712418,0.618499210106598,-0.648117262271945,1.54544819593396,-0.214581487680254
"ec:1.4.3.2",-0.982077463445438,0.522091438582504,-4.43756389142288,-1.26786115024801,-2.11904444872612,1.35823301115094
"ec:1.4.3.21",0.0694993836980875,-0.467586052236551,0.540319499065535,-0.465091370165873,-0.870578237852181,-1.29443079491577
"ec:1.4.3.22",-0.615210524744663,-0.192185602202588,0.0271999910625426,-0.256926184479547,0.814884671211005,0.476629690248989
"ec:1.4.3.3",-3.11757088497244,0.759049342708034,0.184042444307715,2.23238862039038,-2.55830442228009,1.89592979129497
"ec:1.4.3.4",-2.93920986582661,0.100829461199535,-0.364157429477377,-1.53489185731881,0.991925242536001,-0.124162555003844
"ec:1.4.3.5",-0.697198504912899,-0.00372218721712418,0.618499210106598,-0.648117262271945,1.54544819593396,-0.214581487680254
"ec:1.4.4.2",-2.43764441976682,0.246281146327196,1.24961194345944,2.72713312729711,-1.86735766770158,1.14673169630855
"ec:1.5.1.12",-1.8299603716346,-0.322508834583642,-0.284694471849716,0.567182367043302,1.27666849512168,-1.65341976988387
"ec:1.5.1.15",-0.0534629123284561,0.508531527230785,-0.4811641802033,0.263021301883755,-0.539899989290656,-0.987517269307564
"ec:1.5.1.2",0.489363945672552,0.245512857920496,0.217238644116401,1.09146831113198,-0.0869752650593421,0.0781991817419333
"ec:1.5.1.20",-0.619163610872807,-0.163107738337148,-1.01364642887883,-0.27927772346394,-1.45469005875935,0.394486160954996
"ec:1.5.1.3",-1.48504634346588,0.580265178179123,0.326467053422621,1.50377587115085,-1.44702571571441,0.648683746265895
"ec:1.5.1.30",-0.0499305398989782,0.396560440456057,0.540987473965476,-0.21757590751698,-0.515342247805178,0.141683043771024
"ec:1.5.1.34",-0.0499305398989782,0.396560440456057,0.540987473965476,-0.21757590751698,-0.515342247805178,0.141683043771024
"ec:1.5.1.5",-0.220314270526397,1.65076501851516,0.00855413286699858,0.0640678453603585,0.382218043525153,-0.959504429539642
"ec:1.5.1.6",-1.77769913247201,0.464212726660932,-0.152880009010709,1.53464832261558,-1.5605324174321,2.91729681727004
"ec:1.5.1.8",-0.697198504912899,-0.00372218721712418,0.618499210106598,-0.648117262271945,1.54544819593396,-0.214581487680254
"ec:1.5.1.9",-0.697198504912899,-0.00372218721712418,0.618499210106598,-0.648117262271945,1.54544819593396,-0.214581487680254
"ec:1.5.3.1",-1.28868949534979,-0.878850710076518,-0.113670490551682,2.18418062995884,0.0422015684924937,5.4513296227204
"ec:1.5.8.3",-1.28868949534979,-0.878850710076518,-0.113670490551682,2.18418062995884,0.0422015684924937,5.4513296227204
"ec:1.5.8.4",-0.0499305398989782,0.396560440456057,0.540987473965476,-0.21757590751698,-0.515342247805178,0.141683043771024
"ec:1.5.99.8",0.0694993836980875,-0.467586052236551,0.540319499065535,-0.465091370165873,-0.870578237852181,-1.29443079491577
"ec:1.6.1.2",-2.97748961227857,-1.37967724243602,-2.37424829484577,2.84579765797006,0.460780402787287,-1.20153900029863
"ec:1.6.2.2",-0.0499305398989782,0.396560440456057,0.540987473965476,-0.21757590751698,-0.515342247805178,0.141683043771024
"ec:1.6.5.2",-0.0499305398989782,0.396560440456057,0.540987473965476,-0.21757590751698,-0.515342247805178,0.141683043771024
"ec:1.7.1.7",-0.454276772440038,2.94629148322948,-1.32578905154199,-0.833502302320808,0.845563343152436,-1.76840183580729
"ec:1.7.3.3",-0.0499305398989782,0.396560440456057,0.540987473965476,-0.21757590751698,-0.515342247805178,0.141683043771024
"ec:1.8.1.4",-0.0499305398989782,0.396560440456057,0.540987473965476,-0.21757590751698,-0.515342247805178,0.141683043771024
"ec:1.8.1.7",0.489363945672552,0.245512857920496,0.217238644116401,1.09146831113198,-0.0869752650593421,0.0781991817419333
"ec:1.8.1.9",-0.697198504912899,-0.00372218721712418,0.618499210106598,-0.648117262271945,1.54544819593396,-0.214581487680254
"ec:1.8.3.1",-0.0499305398989782,0.396560440456057,0.540987473965476,-0.21757590751698,-0.515342247805178,0.141683043771024
"ec:1.8.4.2",0.489363945672552,0.245512857920496,0.217238644116401,1.09146831113198,-0.0869752650593421,0.0781991817419333
"ec:2.1.1.1",0.489363945672552,0.245512857920496,0.217238644116401,1.09146831113198,-0.0869752650593421,0.0781991817419333
"ec:2.1.1.100",-0.0499305398989782,0.396560440456057,0.540987473965476,-0.21757590751698,-0.515342247805178,0.141683043771024
"ec:2.1.1.13",-0.782832559306589,-0.566115886758092,1.25132271732715,2.18778443008794,-0.497361952121248,-0.443066934665912
"ec:2.1.1.17",-1.10355284550277,0.141417329521658,-0.731318087803842,-0.17814939456976,-2.0277798375419,-0.73328966327997
"ec:2.1.1.2",-0.0499305398989782,0.396560440456057,0.540987473965476,-0.21757590751698,-0.515342247805178,0.141683043771024
"ec:2.1.1.20",-1.28868949534979,-0.878850710076518,-0.113670490551682,2.18418062995884,0.0422015684924937,5.4513296227204
"ec:2.1.1.28",0.489363945672552,0.245512857920496,0.217238644116401,1.09146831113198,-0.0869752650593421,0.0781991817419333
"ec:2.1.1.37",-0.0499305398989782,0.396560440456057,0.540987473965476,-0.21757590751698,-0.515342247805178,0.141683043771024
"ec:2.1.1.4",-0.697198504912899,-0.00372218721712418,0.618499210106598,-0.648117262271945,1.54544819593396,-0.214581487680254
"ec:2.1.1.43",-0.0499305398989782,0.396560440456057,0.540987473965476,-0.21757590751698,-0.515342247805178,0.141683043771024
"ec:2.1.1.45",-0.479981464183732,0.244882553588144,-0.937441780031772,-0.35110340863042,-0.33764326163591,0.0487590200439803
"ec:2.1.1.49",0.266827790860232,-1.06204435981354,1.37350351017304,0.371068856136674,-0.833983871478525,-2.07564998159174
"ec:2.1.1.5",-0.697198504912899,-0.00372218721712418,0.618499210106598,-0.648117262271945,1.54544819593396,-0.214581487680254
"ec:2.1.1.6",-2.07414769060574,1.6524850228107,-1.71338737843262,0.131311394579208,0.996262330506814,-0.0997197082515641
"ec:2.1.1.67",0.266827790860232,-1.06204435981354,1.37350351017304,0.371068856136674,-0.833983871478525,-2.07564998159174
"ec:2.1.1.8",-2.70176723058159,1.57278946021139,1.2369173583303,0.074948486566184,2.78353274010465,2.68346037350236
"ec:2.1.2.1",0.547911221701108,1.02017340389928,-1.064903238038,1.128671324734,0.0566497510335082,-1.30597383243368
"ec:2.1.2.10",-0.228303660280782,1.19993045837608,0.249959684497963,0.5498911391594,-0.0270706007613439,-0.55138436159964
"ec:2.1.2.2",-1.57938734580214,1.70669805362364,0.138959795061573,0.911695950587378,-1.52337008217636,-0.429135647116372
"ec:2.1.2.3",-1.00676251294519,0.941964731645974,-0.49200429784674,0.823802574447491,-0.529407113573446,1.5898161184115
"ec:2.1.2.5",-1.57956106534473,1.73413628306227,0.173489647289065,0.92854260577613,-1.54102407566291,-0.438016568747734
"ec:2.1.2.9",-1.54470848595068,-0.020045560823842,1.00621122848265,2.65358482888171,-0.856282866351507,1.51698924551306
"ec:2.1.3.2",-0.304620481149486,1.52581959879957,-3.78241679431059,0.134974474983167,-1.84973761951311,1.40568090463734
"ec:2.1.3.3",-0.763014724937681,-0.184166000972751,-0.759464180614971,0.266845455289789,-0.409818523470806,-0.557700051875516
"ec:2.1.4.1",-3.10514871423501,0.752396733664669,0.181124213730665,2.22350006846733,-2.55104532857524,1.88686361133124
"ec:2.2.1.1",3.25489392232432,1.48062935747776,-1.2103917822796,1.36205084387136,0.435129498697553,-0.519595587188002
"ec:2.2.1.2",-0.272905612485596,0.181656065560826,0.18706912139904,-0.00841248843677914,1.16435335372179,-0.682186925133095
"ec:2.3.1.1",0.636724701499931,-1.25117158555891,-0.69863080034937,-0.456051420946868,-0.366304912976648,-0.847470458529891
"ec:2.3.1.12",0.266827790860232,-1.06204435981354,1.37350351017304,0.371068856136674,-0.833983871478525,-2.07564998159174
"ec:2.3.1.135",-0.697198504912899,-0.00372218721712418,0.618499210106598,-0.648117262271945,1.54544819593396,-0.214581487680254
"ec:2.3.1.15",-0.697198504912899,-0.00372218721712418,0.618499210106598,-0.648117262271945,1.54544819593396,-0.214581487680254
"ec:2.3.1.16",-0.443388975422842,-3.21701349078232,2.12220564599562,0.498022591345417,0.756251743706079,-1.84562309539301
"ec:2.3.1.168",-0.0499305398989782,0.396560440456057,0.540987473965476,-0.21757590751698,-0.515342247805178,0.141683043771024
"ec:2.3.1.176",-0.697198504912899,-0.00372218721712418,0.618499210106598,-0.648117262271945,1.54544819593396,-0.214581487680254
"ec:2.3.1.179",-0.697198504912899,-0.00372218721712418,0.618499210106598,-0.648117262271945,1.54544819593396,-0.214581487680254
"ec:2.3.1.181",-0.0499305398989782,0.396560440456057,0.540987473965476,-0.21757590751698,-0.515342247805178,0.141683043771024
"ec:2.3.1.20",-0.697198504912899,-0.00372218721712418,0.618499210106598,-0.648117262271945,1.54544819593396,-0.214581487680254
"ec:2.3.1.21",-0.965597243088239,-0.281152998184902,-2.25480887554843,1.57430582178132,0.909649940470341,-0.523841211733229
"ec:2.3.1.23",-1.30279814475945,-0.562749190840788,-0.453808577644844,0.402543072425985,-1.8156692920469,0.954388334694173
"ec:2.3.1.24",3.82760277677833,-1.21173222920523,-0.114058068712155,0.415086007721852,0.343899337624245,-0.287449668558088
"ec:2.3.1.26",-0.0499305398989782,0.396560440456057,0.540987473965476,-0.21757590751698,-0.515342247805178,0.141683043771024
"ec:2.3.1.29",-2.51719418530467,0.32388277755089,1.62957305804418,2.8761557519736,-1.84746106839112,1.24644007398425
"ec:2.3.1.37",-3.11757088497244,0.759049342708034,0.184042444307715,2.23238862039038,-2.55830442228009,1.89592979129497
"ec:2.3.1.39",0.0694993836980875,-0.467586052236551,0.540319499065535,-0.465091370165873,-0.870578237852181,-1.29443079491577
"ec:2.3.1.4",-0.697198504912899,-0.00372218721712418,0.618499210106598,-0.648117262271945,1.54544819593396,-0.214581487680254
"ec:2.3.1.42",-0.0499305398989782,0.396560440456057,0.540987473965476,-0.21757590751698,-0.515342247805178,0.141683043771024
"ec:2.3.1.43",0.0681299793666834,-1.95972737267501,-1.01151847076587,-0.426444460647007,-0.383963438451552,0.76532913142137
"ec:2.3.1.5",-0.0499305398989782,0.396560440456057,0.540987473965476,-0.21757590751698,-0.515342247805178,0.141683043771024
"ec:2.3.1.50",-0.0499305398989782,0.396560440456057,0.540987473965476,-0.21757590751698,-0.515342247805178,0.141683043771024
"ec:2.3.1.51",0.710167076364854,0.270772283495725,-0.414571444935178,-0.0573761815718341,0.158576853917338,-0.327946727570855
"ec:2.3.1.57",0.636724701499931,-1.25117158555891,-0.69863080034937,-0.456051420946868,-0.366304912976648,-0.847470458529891
"ec:2.3.1.6",-0.0499305398989782,0.396560440456057,0.540987473965476,-0.21757590751698,-0.515342247805178,0.141683043771024
"ec:2.3.1.61",-0.697198504912899,-0.00372218721712418,0.618499210106598,-0.648117262271945,1.54544819593396,-0.214581487680254
"ec:2.3.1.65",-0.697198504912899,-0.00372218721712418,0.618499210106598,-0.648117262271945,1.54544819593396,-0.214581487680254
"ec:2.3.1.67",0.636724701499931,-1.25117158555891,-0.69863080034937,-0.456051420946868,-0.366304912976648,-0.847470458529891
"ec:2.3.1.76",-0.697198504912899,-0.00372218721712418,0.618499210106598,-0.648117262271945,1.54544819593396,-0.214581487680254
"ec:2.3.1.78",-0.0499305398989782,0.396560440456057,0.540987473965476,-0.21757590751698,-0.515342247805178,0.141683043771024
"ec:2.3.1.85",-1.59968039712849,0.741852096799262,-0.657076346714948,-0.0707055578499294,0.443512131492585,0.991164541377068
"ec:2.3.1.87",0.266827790860232,-1.06204435981354,1.37350351017304,0.371068856136674,-0.833983871478525,-2.07564998159174
"ec:2.3.1.9",-0.0952864591375922,-1.74999766915928,-0.352623782807983,-0.253976593221774,1.75035549185645,-2.21740876446569
"ec:2.3.2.2",-0.0508313968587066,-1.28190749357051,-0.145956841526188,0.329849484729474,-0.500123988921545,0.137947053000493
"ec:2.3.2.4",0.732632565060405,-1.80715463529768,-0.860269070905362,-0.834634524988855,-0.00342548441458555,0.779703269951155
"ec:2.3.3.1",0.489363945672552,0.245512857920496,0.217238644116401,1.09146831113198,-0.0869752650593421,0.0781991817419333
"ec:2.3.3.10",2.87796381759662,0.674797715258679,-0.286923659502465,-0.53354352563259,0.480542902971973,1.06528745679577
"ec:2.3.3.8",0.489363945672552,0.245512857920496,0.217238644116401,1.09146831113198,-0.0869752650593421,0.0781991817419333
"ec:2.4.1.1",2.50512309418303,2.42859944360659,-1.7344862637189,-1.25997208961572,-1.62807178074614,0.155794995936293
"ec:2.4.1.101",-0.0499305398989782,0.396560440456057,0.540987473965476,-0.21757590751698,-0.515342247805178,0.141683043771024
"ec:2.4.1.102",0.921508463723936,-0.702682467634866,-0.976207752385432,-0.764707000442774,0.172150816836645,0.277570523793723
"ec:2.4.1.11",1.95324219054279,2.01716165211971,-1.0182535467138,-2.86176677762166,-2.46693676449486,2.4826473163712
"ec:2.4.1.117",0.489363945672552,0.245512857920496,0.217238644116401,1.09146831113198,-0.0869752650593421,0.0781991817419333
"ec:2.4.1.122",0.921508463723936,-0.702682467634866,-0.976207752385432,-0.764707000442774,0.172150816836645,0.277570523793723
"ec:2.4.1.132",-0.0499305398989782,0.396560440456057,0.540987473965476,-0.21757590751698,-0.515342247805178,0.141683043771024
"ec:2.4.1.133",-0.0499305398989782,0.396560440456057,0.540987473965476,-0.21757590751698,-0.515342247805178,0.141683043771024
"ec:2.4.1.134",-0.0499305398989782,0.396560440456057,0.540987473965476,-0.21757590751698,-0.515342247805178,0.141683043771024
"ec:2.4.1.135",-0.0499305398989782,0.396560440456057,0.540987473965476,-0.21757590751698,-0.515342247805178,0.141683043771024
"ec:2.4.1.142",-0.0499305398989782,0.396560440456057,0.540987473965476,-0.21757590751698,-0.515342247805178,0.141683043771024
"ec:2.4.1.143",0.489363945672552,0.245512857920496,0.217238644116401,1.09146831113198,-0.0869752650593421,0.0781991817419333
"ec:2.4.1.144",0.489363945672552,0.245512857920496,0.217238644116401,1.09146831113198,-0.0869752650593421,0.0781991817419333
"ec:2.4.1.145",0.489363945672552,0.245512857920496,0.217238644116401,1.09146831113198,-0.0869752650593421,0.0781991817419333
"ec:2.4.1.147",0.636724701499931,-1.25117158555891,-0.69863080034937,-0.456051420946868,-0.366304912976648,-0.847470458529891
"ec:2.4.1.149",-0.195474050099692,-0.856927294822701,-0.591775054891531,-0.117138360497845,-0.684330139941591,0.284195409275243
"ec:2.4.1.150",0.636724701499931,-1.25117158555891,-0.69863080034937,-0.456051420946868,-0.366304912976648,-0.847470458529891
"ec:2.4.1.152",2.22306096118669,-1.10421486485783,0.00686530684976687,0.287007352211752,-0.661823470040591,0.0992091125734405
"ec:2.4.1.155",-0.0499305398989782,0.396560440456057,0.540987473965476,-0.21757590751698,-0.515342247805178,0.141683043771024
"ec:2.4.1.17",1.38555682714615,-0.775399851033814,-0.402315344653858,1.03306755241312,-2.17398006854881,-0.261614306291873
"ec:2.4.1.174",-0.697198504912899,-0.00372218721712418,0.618499210106598,-0.648117262271945,1.54544819593396,-0.214581487680254
"ec:2.4.1.175",-0.697198504912899,-0.00372218721712418,0.618499210106598,-0.648117262271945,1.54544819593396,-0.214581487680254
"ec:2.4.1.18",-0.195474050099692,-0.856927294822701,-0.591775054891531,-0.117138360497845,-0.684330139941591,0.284195409275243
"ec:2.4.1.198",-0.0499305398989782,0.396560440456057,0.540987473965476,-0.21757590751698,-0.515342247805178,0.141683043771024
"ec:2.4.1.201",-0.0499305398989782,0.396560440456057,0.540987473965476,-0.21757590751698,-0.515342247805178,0.141683043771024
"ec:2.4.1.22",-0.0499305398989782,0.396560440456057,0.540987473965476,-0.21757590751698,-0.515342247805178,0.141683043771024
"ec:2.4.1.226",-0.0499305398989782,0.396560440456057,0.540987473965476,-0.21757590751698,-0.515342247805178,0.141683043771024
"ec:2.4.1.228",-0.0499305398989782,0.396560440456057,0.540987473965476,-0.21757590751698,-0.515342247805178,0.141683043771024
"ec:2.4.1.25",1.55045561607108,1.07652699613675,-0.957171939077757,1.52424850852739,1.30711077580058,-1.46983158188329
"ec:2.4.1.256",-0.0499305398989782,0.396560440456057,0.540987473965476,-0.21757590751698,-0.515342247805178,0.141683043771024
"ec:2.4.1.257",-0.0499305398989782,0.396560440456057,0.540987473965476,-0.21757590751698,-0.515342247805178,0.141683043771024
"ec:2.4.1.258",-0.0499305398989782,0.396560440456057,0.540987473965476,-0.21757590751698,-0.515342247805178,0.141683043771024
"ec:2.4.1.259",-0.0499305398989782,0.396560440456057,0.540987473965476,-0.21757590751698,-0.515342247805178,0.141683043771024
"ec:2.4.1.260",-0.0499305398989782,0.396560440456057,0.540987473965476,-0.21757590751698,-0.515342247805178,0.141683043771024
"ec:2.4.1.261",-0.0499305398989782,0.396560440456057,0.540987473965476,-0.21757590751698,-0.515342247805178,0.141683043771024
"ec:2.4.1.265",-0.0499305398989782,0.396560440456057,0.540987473965476,-0.21757590751698,-0.515342247805178,0.141683043771024
"ec:2.4.1.267",-0.0499305398989782,0.396560440456057,0.540987473965476,-0.21757590751698,-0.515342247805178,0.141683043771024
"ec:2.4.1.274",-0.0499305398989782,0.396560440456057,0.540987473965476,-0.21757590751698,-0.515342247805178,0.141683043771024
"ec:2.4.1.37",0.489363945672552,0.245512857920496,0.217238644116401,1.09146831113198,-0.0869752650593421,0.0781991817419333
"ec:2.4.1.38",-0.0499305398989782,0.396560440456057,0.540987473965476,-0.21757590751698,-0.515342247805178,0.141683043771024
"ec:2.4.1.40",0.489363945672552,0.245512857920496,0.217238644116401,1.09146831113198,-0.0869752650593421,0.0781991817419333
"ec:2.4.1.41",0.636724701499931,-1.25117158555891,-0.69863080034937,-0.456051420946868,-0.366304912976648,-0.847470458529891
"ec:2.4.1.50",-0.0499305398989782,0.396560440456057,0.540987473965476,-0.21757590751698,-0.515342247805178,0.141683043771024
"ec:2.4.1.62",-0.0499305398989782,0.396560440456057,0.540987473965476,-0.21757590751698,-0.515342247805178,0.141683043771024
"ec:2.4.1.68",0.489363945672552,0.245512857920496,0.217238644116401,1.09146831113198,-0.0869752650593421,0.0781991817419333
"ec:2.4.1.69",-1.48747927959773,-2.39143452056109,1.93286863357078,-0.35013902426275,1.42411327201491,-0.433235279419531
"ec:2.4.1.79",-0.0499305398989782,0.396560440456057,0.540987473965476,-0.21757590751698,-0.515342247805178,0.141683043771024
"ec:2.4.1.80",0.93896464699769,1.22517993545874,-0.405169471249518,-0.441088968700833,1.18339256008702,-0.892086734619874
"ec:2.4.1.87",-1.42485549107878,-0.366243850832057,-1.48448625028991,-0.957420269362667,-1.16165806514424,-0.239753653601682
"ec:2.4.1.88",-0.0499305398989782,0.396560440456057,0.540987473965476,-0.21757590751698,-0.515342247805178,0.141683043771024
"ec:2.4.1.92",-0.0499305398989782,0.396560440456057,0.540987473965476,-0.21757590751698,-0.515342247805178,0.141683043771024
"ec:2.4.2.1",0.392255337343432,-5.51049100663729,4.87277083894837,-3.27610738602986,2.32633442458733,-0.129725738768858
"ec:2.4.2.10",0.983230254031187,0.371373317863443,-0.550896564416731,0.678621322515821,0.71783639749127,-1.30041929611011
"ec:2.4.2.11",1.33046971852339,-1.05480099890802,0.220308127660581,4.96367744987728,3.05158795240717,1.41319064260948
"ec:2.4.2.12",4.69425663652221,-1.77516490028703,1.24551671379326,4.70968925520333,1.7019753471235,6.56537555678751
"ec:2.4.2.14",0.428395504648365,-1.74140987653868,-0.95010625134505,-0.656549719786526,-0.411741223566051,-0.326231343150718
"ec:2.4.2.19",0.502310577962036,-0.508094173795927,-1.38851955639329,4.52357421781517,4.46845215797348,0.237635539251064
"ec:2.4.2.26",-0.0499305398989782,0.396560440456057,0.540987473965476,-0.21757590751698,-0.515342247805178,0.141683043771024
"ec:2.4.2.28",-0.0499305398989782,0.396560440456057,0.540987473965476,-0.21757590751698,-0.515342247805178,0.141683043771024
"ec:2.4.2.3",0.594758027202273,0.76086334002854,0.217918898954552,-0.353563201625141,2.46931613446425,2.2223094470814
"ec:2.4.2.4",-0.447668870526647,1.02545840066149,-0.426378227502894,-0.447813760088919,1.22370322723047,-0.802193155331801
"ec:2.4.2.7",0.59973634997841,2.02651787718751,-0.352788326615576,-1.35093573470178,1.69349829079835,-0.669698114942954
"ec:2.4.2.8",-0.0923957942611511,1.02084217473226,-0.154504789295721,-0.140058068208031,0.802294508750379,-1.41882948801471
"ec:2.4.2.9",1.46497194690854,0.0270223014403469,-0.675648006206402,0.373104477346768,1.15422996652601,-0.397661063418849
"ec:2.4.99.1",-0.0499305398989782,0.396560440456057,0.540987473965476,-0.21757590751698,-0.515342247805178,0.141683043771024
"ec:2.4.99.10",-0.195474050099692,-0.856927294822701,-0.591775054891531,-0.117138360497845,-0.684330139941591,0.284195409275243
"ec:2.4.99.3",0.921508463723936,-0.702682467634866,-0.976207752385432,-0.764707000442774,0.172150816836645,0.277570523793723
"ec:2.4.99.4",0.489363945672552,0.245512857920496,0.217238644116401,1.09146831113198,-0.0869752650593421,0.0781991817419333
"ec:2.4.99.6",-0.0499305398989782,0.396560440456057,0.540987473965476,-0.21757590751698,-0.515342247805178,0.141683043771024
"ec:2.4.99.7",-0.0499305398989782,0.396560440456057,0.540987473965476,-0.21757590751698,-0.515342247805178,0.141683043771024
"ec:2.4.99.8",-0.697198504912899,-0.00372218721712418,0.618499210106598,-0.648117262271945,1.54544819593396,-0.214581487680254
"ec:2.4.99.9",-0.697198504912899,-0.00372218721712418,0.618499210106598,-0.648117262271945,1.54544819593396,-0.214581487680254
"ec:2.5.1.1",2.26975449667999,0.449742738135918,-1.88452082264352,-0.183113326644239,0.403764514371811,-0.672931743135806
"ec:2.5.1.10",2.26975449667999,0.449742738135918,-1.88452082264352,-0.183113326644239,0.403764514371811,-0.672931743135806
"ec:2.5.1.16",0.414404556472721,-1.04326608110195,-0.479110848384423,-0.48806424451824,-0.0476788878661575,-0.741990667248436
"ec:2.5.1.18",-0.834786470579383,0.442562807891804,-1.02653092360429,0.706022939084475,1.38719140183742,-2.37865189557242
"ec:2.5.1.22",-0.697198504912899,-0.00372218721712418,0.618499210106598,-0.648117262271945,1.54544819593396,-0.214581487680254
"ec:2.5.1.29",2.26975449667999,0.449742738135918,-1.88452082264352,-0.183113326644239,0.403764514371811,-0.672931743135806
"ec:2.5.1.56",0.612164821129961,-1.00172667278642,-0.545987419387482,-0.198134044799946,-0.319750437206511,-0.693193727933987
"ec:2.5.1.57",0.612164821129961,-1.00172667278642,-0.545987419387482,-0.198134044799946,-0.319750437206511,-0.693193727933987
"ec:2.5.1.58",0.424586488011654,-1.86559140039247,-1.02306477201378,-0.765803821798505,-0.432039758474201,-0.351514581034731
"ec:2.5.1.6",-1.25133780391165,0.955454227507564,0.469148916402237,3.03269906599845,1.67949524842065,-3.68371804187275
"ec:2.5.1.61",-0.0499305398989782,0.396560440456057,0.540987473965476,-0.21757590751698,-0.515342247805178,0.141683043771024
"ec:2.5.1.87",0.424586488011654,-1.86559140039247,-1.02306477201378,-0.765803821798505,-0.432039758474201,-0.351514581034731
"ec:2.5.1.91",0.424586488011654,-1.86559140039247,-1.02306477201378,-0.765803821798505,-0.432039758474201,-0.351514581034731
"ec:2.6.1.1",0.523036398876011,-0.95441848753829,-0.691421858268182,0.191058671773264,-0.45705479033078,-0.15999971340273
"ec:2.6.1.13",0.636724701499931,-1.25117158555891,-0.69863080034937,-0.456051420946868,-0.366304912976648,-0.847470458529891
"ec:2.6.1.16",-0.398916993214499,-1.22310802382136,-1.72589509406074,-1.17785102016716,-0.504814538634945,0.0818406402903914
"ec:2.6.1.19",-0.0406021230353838,-0.950149850145814,-0.697594239125567,1.93829683007635,-0.839297051920114,-1.84622798607985
"ec:2.6.1.22",0.693941925441991,0.860802322345646,-0.693688123659595,-0.308619631655648,1.6223672385818,-0.140816350422717
"ec:2.6.1.39",-0.0499305398989782,0.396560440456057,0.540987473965476,-0.21757590751698,-0.515342247805178,0.141683043771024
"ec:2.6.1.42",-0.0499305398989782,0.396560440456057,0.540987473965476,-0.21757590751698,-0.515342247805178,0.141683043771024
"ec:2.6.1.44",1.22621719104876,1.04339950392685,-0.292585872674414,2.05282576481742,0.627082976305498,0.303715588698382
"ec:2.6.1.45",1.15850380838537,0.243821839579891,-0.0990426216674866,1.59908402071183,0.844489300863319,0.0608141174838563
"ec:2.6.1.5",1.52694785896326,0.326557136691485,-0.371090960910478,1.1105732040665,-0.853947921720006,-1.88311223913434
"ec:2.6.1.51",1.22621719104876,1.04339950392685,-0.292585872674414,2.05282576481742,0.627082976305498,0.303715588698382
"ec:2.6.1.52",-0.0499305398989782,0.396560440456057,0.540987473965476,-0.21757590751698,-0.515342247805178,0.141683043771024
"ec:2.6.1.7",0.489363945672552,0.245512857920496,0.217238644116401,1.09146831113198,-0.0869752650593421,0.0781991817419333
"ec:2.7.1.1",0.0107798179057605,-2.37486228413605,3.119833277468,-2.73340094906323,1.27760857604345,0.827617118864978
"ec:2.7.1.105",0.636724701499931,-1.25117158555891,-0.69863080034937,-0.456051420946868,-0.366304912976648,-0.847470458529891
"ec:2.7.1.106",0.0690309338773206,-0.625073316259604,-0.143345429833722,0.571111463941413,0.863807543397318,1.90964315812564
"ec:2.7.1.107",0.820337044921663,-0.658999059455162,-0.876534580199614,-0.75741482469901,0.257977615490439,0.246814349483661
"ec:2.7.1.108",0.489363945672552,0.245512857920496,0.217238644116401,1.09146831113198,-0.0869752650593421,0.0781991817419333
"ec:2.7.1.11",1.30453943032828,0.240565800334714,-0.445960073293992,0.317820938881181,1.30854044923581,-0.779881631820294
"ec:2.7.1.113",-0.0499305398989782,0.396560440456057,0.540987473965476,-0.21757590751698,-0.515342247805178,0.141683043771024
"ec:2.7.1.127",0.921508463723936,-0.702682467634866,-0.976207752385432,-0.764707000442774,0.172150816836645,0.277570523793723
"ec:2.7.1.134",0.887001722270919,-1.95686612134266,0.196366771631702,-1.2542212049136,0.475876645751314,1.10858736543038
"ec:2.7.1.137",0.761567386102587,-0.538688096971694,-1.05662446312991,-0.670470826213439,-0.0190806801906073,-0.0112968930237425
"ec:2.7.1.138",0.93896464699769,1.22517993545874,-0.405169471249518,-0.441088968700833,1.18339256008702,-0.892086734619874
"ec:2.7.1.147",-0.0499305398989782,0.396560440456057,0.540987473965476,-0.21757590751698,-0.515342247805178,0.141683043771024
"ec:2.7.1.149",0.993347863254501,-0.882407691749555,-0.400062911954724,-0.45232172404703,0.170694145958276,-0.536381135544521
"ec:2.7.1.15",0.693941925441991,0.860802322345646,-0.693688123659595,-0.308619631655648,1.6223672385818,-0.140816350422717
"ec:2.7.1.150",0.575472898221838,-0.4731895384692,0.542968624680062,-0.613140329972642,0.752259843194199,-0.101785576982352
"ec:2.7.1.151",2.77049247632091,-0.975283438336045,-0.616246815274257,0.0774075027000728,1.0165834582576,0.287399127061406
"ec:2.7.1.153",0.178203484940768,-1.43747132968761,1.81138147123219,0.993261048263305,-0.43546546517675,-1.92097099959372
"ec:2.7.1.154",0.540233392150382,0.341265708257875,0.403288603651915,1.13236669533703,0.922346943295153,-1.18304641313456
"ec:2.7.1.158",0.489363945672552,0.245512857920496,0.217238644116401,1.09146831113198,-0.0869752650593421,0.0781991817419333
"ec:2.7.1.159",0.887001722270919,-1.95686612134266,0.196366771631702,-1.2542212049136,0.475876645751314,1.10858736543038
"ec:2.7.1.164",-0.0499305398989782,0.396560440456057,0.540987473965476,-0.21757590751698,-0.515342247805178,0.141683043771024
"ec:2.7.1.17",-0.0499305398989782,0.396560440456057,0.540987473965476,-0.21757590751698,-0.515342247805178,0.141683043771024
"ec:2.7.1.173",1.57362856755992,0.265157951828744,-0.284061533248706,3.56027126224089,0.174854334135536,2.26114690667071
"ec:2.7.1.2",-0.0499305398989782,0.396560440456057,0.540987473965476,-0.21757590751698,-0.515342247805178,0.141683043771024
"ec:2.7.1.20",0.379802577401033,-0.362969398811404,1.40131090969033,1.59937827862248,0.201765845776576,-0.488342911963856
"ec:2.7.1.21",-0.296339900631588,0.655242480863854,-0.528980902496332,-1.01428512242155,0.681766649751978,-0.178557269922491
"ec:2.7.1.22",1.57362856755992,0.265157951828744,-0.284061533248706,3.56027126224089,0.174854334135536,2.26114690667071
"ec:2.7.1.23",-2.97748961227857,-1.37967724243602,-2.37424829484577,2.84579765797006,0.460780402787287,-1.20153900029863
"ec:2.7.1.24",0.636724701499931,-1.25117158555891,-0.69863080034937,-0.456051420946868,-0.366304912976648,-0.847470458529891
"ec:2.7.1.25",1.4627595688172,-2.12620567095089,-0.101183138763918,3.20016755681552,-1.40175565465517,-1.44239042616743
"ec:2.7.1.26",-0.0499305398989782,0.396560440456057,0.540987473965476,-0.21757590751698,-0.515342247805178,0.141683043771024
"ec:2.7.1.3",-0.0499305398989782,0.396560440456057,0.540987473965476,-0.21757590751698,-0.515342247805178,0.141683043771024
"ec:2.7.1.30",-0.0499305398989782,0.396560440456057,0.540987473965476,-0.21757590751698,-0.515342247805178,0.141683043771024
"ec:2.7.1.31",-0.0499305398989782,0.396560440456057,0.540987473965476,-0.21757590751698,-0.515342247805178,0.141683043771024
"ec:2.7.1.32",-0.0499305398989782,0.396560440456057,0.540987473965476,-0.21757590751698,-0.515342247805178,0.141683043771024
"ec:2.7.1.33",0.266827790860232,-1.06204435981354,1.37350351017304,0.371068856136674,-0.833983871478525,-2.07564998159174
"ec:2.7.1.35",-0.0499305398989782,0.396560440456057,0.540987473965476,-0.21757590751698,-0.515342247805178,0.141683043771024
"ec:2.7.1.36",-0.0499305398989782,0.396560440456057,0.540987473965476,-0.21757590751698,-0.515342247805178,0.141683043771024
"ec:2.7.1.40",1.73390298770228,0.419687435973999,-0.841274173188802,-0.298907918887826,1.24665844050582,0.226664628646408
"ec:2.7.1.48",0.441836342391957,-1.66159245421213,-0.341468069622232,0.481897768342125,-0.356550251687005,-0.57661577930038
"ec:2.7.1.52",-0.0499305398989782,0.396560440456057,0.540987473965476,-0.21757590751698,-0.515342247805178,0.141683043771024
"ec:2.7.1.59",-0.103917279620173,0.120895335351686,0.417868927111499,0.221675524430019,0.729236465437308,-0.0681911529691601
"ec:2.7.1.6",0.0690309338773206,-0.625073316259604,-0.143345429833722,0.571111463941413,0.863807543397318,1.90964315812564
"ec:2.7.1.60",1.09315895684122,-2.14677035156127,1.42914316440306,-0.164960203811984,-0.592313084653364,0.0959586000295499
"ec:2.7.1.67",2.56820814238809,1.32911090278973,-2.65369574868691,-0.286228737773947,0.835262438523603,-0.46915912990998
"ec:2.7.1.68",1.95651874996287,0.689983193958673,-2.32212300651311,-0.751827605384725,0.39807113820942,-0.317791377962855
"ec:2.7.1.74",-0.014301747561496,0.0130838034385166,-0.574701843670729,0.160636511473044,-0.388591584973108,0.655447526396606
"ec:2.7.1.82",-0.0499305398989782,0.396560440456057,0.540987473965476,-0.21757590751698,-0.515342247805178,0.141683043771024
"ec:2.7.1.91",1.38205321322063,-2.37332087861095,0.404654339699396,-1.10713375140145,0.0516264019510849,1.59224866128608
"ec:2.7.1.94",-0.0499305398989782,0.396560440456057,0.540987473965476,-0.21757590751698,-0.515342247805178,0.141683043771024
"ec:2.7.2.11",-1.5631697154046,-0.783775470365014,-3.00156227655225,-0.62079641530178,0.0826193743633631,0.373216094843486
"ec:2.7.2.3",0.636724701499931,-1.25117158555891,-0.69863080034937,-0.456051420946868,-0.366304912976648,-0.847470458529891
"ec:2.7.3.2",-0.0499305398989782,0.396560440456057,0.540987473965476,-0.21757590751698,-0.515342247805178,0.141683043771024
"ec:2.7.4.10",-0.0397230767318714,0.662739459050599,-1.91389162311914,-0.979788991828224,2.1415239797013,0.955075553992639
"ec:2.7.4.14",0.329803087488372,-0.96153229022412,-0.0189132105030862,-0.97912871393914,1.00346476923874,0.525024325154635
"ec:2.7.4.2",-0.0499305398989782,0.396560440456057,0.540987473965476,-0.21757590751698,-0.515342247805178,0.141683043771024
"ec:2.7.4.3",2.79720456387943,1.53644347445832,0.43647553532215,4.50305017575483,1.12998534059256,-0.547483402799982
"ec:2.7.4.6",1.59581319393573,-0.721789977388565,0.695292502624859,-0.21239582951934,0.938725624752118,0.127000289024627
"ec:2.7.4.8",1.37150099538645,-0.082111682517813,0.373934916769743,1.89215243582509,1.20111030936083,-0.762580362828207
"ec:2.7.4.9",1.0656953130281,0.377510575829528,-0.278966104607451,0.372356786352411,1.85850335848316,1.32410373366692
"ec:2.7.6.1",-2.2862765877137,1.48054057029914,1.3776247668599,0.905710544357418,-0.504179632478136,-2.29320105771578
"ec:2.7.6.2",-0.0499305398989782,0.396560440456057,0.540987473965476,-0.21757590751698,-0.515342247805178,0.141683043771024
"ec:2.7.7.1",1.89247480387165,2.35048070944062,1.07694927583921,-1.75191306267952,0.105412209590235,0.444807249560126
"ec:2.7.7.12",-4.05588159816153,1.81696499848518,1.81486620150358,-0.955393968293522,0.196197598267615,-0.579004251027765
"ec:2.7.7.13",-0.0499305398989782,0.396560440456057,0.540987473965476,-0.21757590751698,-0.515342247805178,0.141683043771024
"ec:2.7.7.14",-0.0499305398989782,0.396560440456057,0.540987473965476,-0.21757590751698,-0.515342247805178,0.141683043771024
"ec:2.7.7.15",-0.0499305398989782,0.396560440456057,0.540987473965476,-0.21757590751698,-0.515342247805178,0.141683043771024
"ec:2.7.7.18",1.89247480387165,2.35048070944062,1.07694927583921,-1.75191306267952,0.105412209590235,0.444807249560126
"ec:2.7.7.2",-0.0499305398989782,0.396560440456057,0.540987473965476,-0.21757590751698,-0.515342247805178,0.141683043771024
"ec:2.7.7.23",-0.0499305398989782,0.396560440456057,0.540987473965476,-0.21757590751698,-0.515342247805178,0.141683043771024
"ec:2.7.7.3",0.636724701499931,-1.25117158555891,-0.69863080034937,-0.456051420946868,-0.366304912976648,-0.847470458529891
"ec:2.7.7.30",-0.0499305398989782,0.396560440456057,0.540987473965476,-0.21757590751698,-0.515342247805178,0.141683043771024
"ec:2.7.7.4",1.4627595688172,-2.12620567095089,-0.101183138763918,3.20016755681552,-1.40175565465517,-1.44239042616743
"ec:2.7.7.41",0.0690309338773206,-0.625073316259604,-0.143345429833722,0.571111463941413,0.863807543397318,1.90964315812564
"ec:2.7.7.43",0.0690309338773206,-0.625073316259604,-0.143345429833722,0.571111463941413,0.863807543397318,1.90964315812564
"ec:2.7.7.6",1.26979779378241,0.460635995752342,-0.730387212192163,0.372958518515529,2.63579429893071,-0.331729104535988
"ec:2.7.7.7",0.636724701499931,-1.25117158555891,-0.69863080034937,-0.456051420946868,-0.366304912976648,-0.847470458529891
"ec:2.7.7.8",1.34462120118324,-0.379543921270293,-0.596468659830624,-0.281345688747862,1.27931598181067,0.267636192640023
"ec:2.7.7.9",3.37653148958662,-0.638895794130493,3.80842719554218,7.14643904098183,3.16205598995566,3.53951674097814
"ec:2.7.8.1",0.918528102421472,-0.918209025398481,0.720008348753389,0.604418348221066,-0.840112395638285,-0.17411932495354
"ec:2.7.8.11",0.597003382448489,-1.31580380966009,-1.24819107835201,0.84162960058835,0.218934539256273,-0.815352214995338
"ec:2.7.8.15",0.489363945672552,0.245512857920496,0.217238644116401,1.09146831113198,-0.0869752650593421,0.0781991817419333
"ec:2.7.8.2",0.918528102421472,-0.918209025398481,0.720008348753389,0.604418348221066,-0.840112395638285,-0.17411932495354
"ec:2.7.8.27",0.93896464699769,1.22517993545874,-0.405169471249518,-0.441088968700833,1.18339256008702,-0.892086734619874
"ec:2.7.8.29",-1.30279814475945,-0.562749190840788,-0.453808577644844,0.402543072425985,-1.8156692920469,0.954388334694173
"ec:2.7.8.5",-0.0499305398989782,0.396560440456057,0.540987473965476,-0.21757590751698,-0.515342247805178,0.141683043771024
"ec:2.7.9.3",-0.0499305398989782,0.396560440456057,0.540987473965476,-0.21757590751698,-0.515342247805178,0.141683043771024
"ec:2.8.1.2",-0.697198504912899,-0.00372218721712418,0.618499210106598,-0.648117262271945,1.54544819593396,-0.214581487680254
"ec:2.8.1.8",-0.0499305398989782,0.396560440456057,0.540987473965476,-0.21757590751698,-0.515342247805178,0.141683043771024
"ec:2.8.2.1",0.489363945672552,0.245512857920496,0.217238644116401,1.09146831113198,-0.0869752650593421,0.0781991817419333
"ec:2.8.2.11",0.489363945672552,0.245512857920496,0.217238644116401,1.09146831113198,-0.0869752650593421,0.0781991817419333
"ec:2.8.2.14",-0.0499305398989782,0.396560440456057,0.540987473965476,-0.21757590751698,-0.515342247805178,0.141683043771024
"ec:2.8.2.2",1.13556146781571,2.07556413199832,-1.71922228495424,-1.02202578650435,0.801916987997677,-0.838620399303264
"ec:2.8.2.4",0.139086921850624,-0.479976822304832,-0.0832490864093906,0.657838477464003,0.705343694202427,1.60440584058232
"ec:2.8.2.5",0.489363945672552,0.245512857920496,0.217238644116401,1.09146831113198,-0.0869752650593421,0.0781991817419333
"ec:2.8.3.5",0.485178529061768,-1.37069077543255,-1.63013584030105,0.908966637316439,0.712910391722124,-0.326144325083217
"ec:2.9.1.2",-0.0499305398989782,0.396560440456057,0.540987473965476,-0.21757590751698,-0.515342247805178,0.141683043771024
"ec:3.1.1.1",-0.697198504912899,-0.00372218721712418,0.618499210106598,-0.648117262271945,1.54544819593396,-0.214581487680254
"ec:3.1.1.13",-0.0499305398989782,0.396560440456057,0.540987473965476,-0.21757590751698,-0.515342247805178,0.141683043771024
"ec:3.1.1.17",-0.0499305398989782,0.396560440456057,0.540987473965476,-0.21757590751698,-0.515342247805178,0.141683043771024
"ec:3.1.1.23",-0.697198504912899,-0.00372218721712418,0.618499210106598,-0.648117262271945,1.54544819593396,-0.214581487680254
"ec:3.1.1.3",1.48719365210149,3.6488749866653,1.61264234152582,-1.80752463879494,0.866438140388916,1.81584849210606
"ec:3.1.1.31",0.0694993836980875,-0.467586052236551,0.540319499065535,-0.465091370165873,-0.870578237852181,-1.29443079491577
"ec:3.1.1.34",-1.45886463701322,-0.608494290051585,-1.9686186836231,-1.05574676683332,1.94317340470488,1.16300244395269
"ec:3.1.1.4",1.21815042533419,-0.912771613305583,0.410392010008419,0.427801182413362,-0.460271247487359,0.0313307675682539
"ec:3.1.1.47",0.636724701499931,-1.25117158555891,-0.69863080034937,-0.456051420946868,-0.366304912976648,-0.847470458529891
"ec:3.1.1.5",-1.10355284550277,0.141417329521658,-0.731318087803842,-0.17814939456976,-2.0277798375419,-0.73328966327997
"ec:3.1.1.64",-0.0499305398989782,0.396560440456057,0.540987473965476,-0.21757590751698,-0.515342247805178,0.141683043771024
"ec:3.1.1.7",-0.0499305398989782,0.396560440456057,0.540987473965476,-0.21757590751698,-0.515342247805178,0.141683043771024
"ec:3.1.2.1",1.61249925181731,0.339260517650349,-0.409163158185993,1.17821584570465,-0.946233118310769,-1.94728988674447
"ec:3.1.2.14",-0.0499305398989782,0.396560440456057,0.540987473965476,-0.21757590751698,-0.515342247805178,0.141683043771024
"ec:3.1.2.2",-0.0499305398989782,0.396560440456057,0.540987473965476,-0.21757590751698,-0.515342247805178,0.141683043771024
"ec:3.1.2.22",-0.0499305398989782,0.396560440456057,0.540987473965476,-0.21757590751698,-0.515342247805178,0.141683043771024
"ec:3.1.2.27",-0.0499305398989782,0.396560440456057,0.540987473965476,-0.21757590751698,-0.515342247805178,0.141683043771024
"ec:3.1.2.4",-0.0499305398989782,0.396560440456057,0.540987473965476,-0.21757590751698,-0.515342247805178,0.141683043771024
"ec:3.1.2.6",-0.0499305398989782,0.396560440456057,0.540987473965476,-0.21757590751698,-0.515342247805178,0.141683043771024
"ec:3.1.3.1",-0.0499305398989782,0.396560440456057,0.540987473965476,-0.21757590751698,-0.515342247805178,0.141683043771024
"ec:3.1.3.11",1.30453943032828,0.240565800334714,-0.445960073293992,0.317820938881181,1.30854044923581,-0.779881631820294
"ec:3.1.3.13",0.921508463723936,-0.702682467634866,-0.976207752385432,-0.764707000442774,0.172150816836645,0.277570523793723
"ec:3.1.3.18",-0.697198504912899,-0.00372218721712418,0.618499210106598,-0.648117262271945,1.54544819593396,-0.214581487680254
"ec:3.1.3.2",-0.0499305398989782,0.396560440456057,0.540987473965476,-0.21757590751698,-0.515342247805178,0.141683043771024
"ec:3.1.3.25",-1.56387990452141,4.01617915626495,-0.557792172711892,-1.01717896745805,0.739211417598492,1.02210954783935
"ec:3.1.3.29",0.0690309338773206,-0.625073316259604,-0.143345429833722,0.571111463941413,0.863807543397318,1.90964315812564
"ec:3.1.3.3",-0.316586230678573,-1.79285281612958,-0.839767032893867,0.185846694115065,-0.286714977382836,2.05182968700194
"ec:3.1.3.36",1.95651874996287,0.689983193958673,-2.32212300651311,-0.751827605384725,0.39807113820942,-0.317791377962855
"ec:3.1.3.4",0.471347667505302,1.17121659308172,1.1767593027993,-1.01809221398676,0.166681106105306,0.793667738291142
"ec:3.1.3.46",0.636724701499931,-1.25117158555891,-0.69863080034937,-0.456051420946868,-0.366304912976648,-0.847470458529891
"ec:3.1.3.5",0.588387109331818,-0.0336454620831348,0.491693347439438,-1.27488930166858,1.34170228494356,-0.272084119756897
"ec:3.1.3.56",-1.02508882545706,1.37097876976893,0.102262881437214,0.148006689516746,1.18165031602429,-0.179332890276105
"ec:3.1.3.57",-0.767290153343958,4.50423814781902,-1.73768809125058,0.414618731577527,0.275800243338385,-0.723890060901737
"ec:3.1.3.62",0.921508463723936,-0.702682467634866,-0.976207752385432,-0.764707000442774,0.172150816836645,0.277570523793723
"ec:3.1.3.64",0.936654345785025,1.24482505252422,-1.4436957529366,-0.271146485273132,1.94569342655179,0.860285754225161
"ec:3.1.3.66",-0.98687408800102,-1.88567871661357,1.47540755127776,-1.61590108028292,2.17414573130384,-0.108418496904483
"ec:3.1.3.67",0.6166796568003,1.00145015046839,-1.13806913926125,1.76820889763388,2.80824007913066,-0.176000189685738
"ec:3.1.3.7",-2.97748961227857,-1.37967724243602,-2.37424829484577,2.84579765797006,0.460780402787287,-1.20153900029863
"ec:3.1.3.74",-0.0499305398989782,0.396560440456057,0.540987473965476,-0.21757590751698,-0.515342247805178,0.141683043771024
"ec:3.1.3.75",-0.0499305398989782,0.396560440456057,0.540987473965476,-0.21757590751698,-0.515342247805178,0.141683043771024
"ec:3.1.3.77",-0.0499305398989782,0.396560440456057,0.540987473965476,-0.21757590751698,-0.515342247805178,0.141683043771024
"ec:3.1.3.86",0.0694993836980875,-0.467586052236551,0.540319499065535,-0.465091370165873,-0.870578237852181,-1.29443079491577
"ec:3.1.3.9",-0.0499305398989782,0.396560440456057,0.540987473965476,-0.21757590751698,-0.515342247805178,0.141683043771024
"ec:3.1.4.11",0.0428002737453024,1.66690689860166,-1.57328233045303,-0.246582421977445,1.89016246006067,-0.909578452385399
"ec:3.1.4.12",0.93896464699769,1.22517993545874,-0.405169471249518,-0.441088968700833,1.18339256008702,-0.892086734619874
"ec:3.1.4.17",0.935493487390355,0.537577119511668,-0.272136562622178,-0.140342241869408,1.31565318927964,-0.450147722693046
"ec:3.1.4.35",0.935493487390355,0.537577119511668,-0.272136562622178,-0.140342241869408,1.31565318927964,-0.450147722693046
"ec:3.1.4.39",-0.0499305398989782,0.396560440456057,0.540987473965476,-0.21757590751698,-0.515342247805178,0.141683043771024
"ec:3.1.4.4",0.549556782881058,-0.81862982864317,0.189359858022556,-0.030617443901771,0.352036110601167,-1.09157181001922
"ec:3.1.4.50",-0.0499305398989782,0.396560440456057,0.540987473965476,-0.21757590751698,-0.515342247805178,0.141683043771024
"ec:3.1.6.12",-0.0499305398989782,0.396560440456057,0.540987473965476,-0.21757590751698,-0.515342247805178,0.141683043771024
"ec:3.1.6.13",-0.0499305398989782,0.396560440456057,0.540987473965476,-0.21757590751698,-0.515342247805178,0.141683043771024
"ec:3.1.6.14",-0.0499305398989782,0.396560440456057,0.540987473965476,-0.21757590751698,-0.515342247805178,0.141683043771024
"ec:3.1.6.2",1.13757017442328,2.08125984428033,-1.7252558236147,-1.02862267519639,0.804663054184748,-0.841500154953329
"ec:3.1.6.4",-0.0499305398989782,0.396560440456057,0.540987473965476,-0.21757590751698,-0.515342247805178,0.141683043771024
"ec:3.1.6.8",0.489363945672552,0.245512857920496,0.217238644116401,1.09146831113198,-0.0869752650593421,0.0781991817419333
"ec:3.1.7.2",-0.978549811509231,-0.748481285950864,-0.6255175089255,-0.089137627403431,-1.81299207481058,0.0915077653775835
"ec:3.10.1.1",-0.0499305398989782,0.396560440456057,0.540987473965476,-0.21757590751698,-0.515342247805178,0.141683043771024
"ec:3.2.1.1",2.04941212527859,0.423346453870198,-0.965534812199003,0.761548560460404,0.722287661261636,-0.797510679450169
"ec:3.2.1.10",1.08688680276891,-1.37790669499029,0.724829160744638,-0.149013144097223,-0.0131161189700358,0.0446758927972231
"ec:3.2.1.106",-0.0499305398989782,0.396560440456057,0.540987473965476,-0.21757590751698,-0.515342247805178,0.141683043771024
"ec:3.2.1.108",0.489363945672552,0.245512857920496,0.217238644116401,1.09146831113198,-0.0869752650593421,0.0781991817419333
"ec:3.2.1.113",-0.0499305398989782,0.396560440456057,0.540987473965476,-0.21757590751698,-0.515342247805178,0.141683043771024
"ec:3.2.1.114",-0.0499305398989782,0.396560440456057,0.540987473965476,-0.21757590751698,-0.515342247805178,0.141683043771024
"ec:3.2.1.14",0.489363945672552,0.245512857920496,0.217238644116401,1.09146831113198,-0.0869752650593421,0.0781991817419333
"ec:3.2.1.166",-0.0499305398989782,0.396560440456057,0.540987473965476,-0.21757590751698,-0.515342247805178,0.141683043771024
"ec:3.2.1.18",0.0690309338773206,-0.625073316259604,-0.143345429833722,0.571111463941413,0.863807543397318,1.90964315812564
"ec:3.2.1.20",1.08688680276891,-1.37790669499029,0.724829160744638,-0.149013144097223,-0.0131161189700358,0.0446758927972231
"ec:3.2.1.22",-0.0664374873143817,-1.13842231764962,-0.0842311875043481,1.4304037455783,1.24697461914479,0.861521031741901
"ec:3.2.1.23",-1.59968039712849,0.741852096799262,-0.657076346714948,-0.0707055578499294,0.443512131492585,0.991164541377068
"ec:3.2.1.3",0.761567386102587,-0.538688096971694,-1.05662446312991,-0.670470826213439,-0.0190806801906073,-0.0112968930237425
"ec:3.2.1.31",-0.0499305398989782,0.396560440456057,0.540987473965476,-0.21757590751698,-0.515342247805178,0.141683043771024
"ec:3.2.1.33",1.55045561607108,1.07652699613675,-0.957171939077757,1.52424850852739,1.30711077580058,-1.46983158188329
"ec:3.2.1.35",-0.0499305398989782,0.396560440456057,0.540987473965476,-0.21757590751698,-0.515342247805178,0.141683043771024
"ec:3.2.1.45",0.93896464699769,1.22517993545874,-0.405169471249518,-0.441088968700833,1.18339256008702,-0.892086734619874
"ec:3.2.1.46",1.16116562871056,2.00945849714225,-0.277196324160583,-0.794983618757563,1.3351030666788,-1.6198681705582
"ec:3.2.1.48",0.761567386102587,-0.538688096971694,-1.05662446312991,-0.670470826213439,-0.0190806801906073,-0.0112968930237425
"ec:3.2.1.49",-0.0499305398989782,0.396560440456057,0.540987473965476,-0.21757590751698,-0.515342247805178,0.141683043771024
"ec:3.2.1.50",-0.0499305398989782,0.396560440456057,0.540987473965476,-0.21757590751698,-0.515342247805178,0.141683043771024
"ec:3.2.1.52",-0.103917279620173,0.120895335351686,0.417868927111499,0.221675524430019,0.729236465437308,-0.0681911529691601
"ec:3.2.1.76",-0.0499305398989782,0.396560440456057,0.540987473965476,-0.21757590751698,-0.515342247805178,0.141683043771024
"ec:3.2.1.84",-0.0499305398989782,0.396560440456057,0.540987473965476,-0.21757590751698,-0.515342247805178,0.141683043771024
"ec:3.2.2.5",5.36360089028962,2.69033988961447,1.28767638993796,-1.95691415895449,-2.03053251730364,4.6947720137161
"ec:3.3.1.1",-0.697198504912899,-0.00372218721712418,0.618499210106598,-0.648117262271945,1.54544819593396,-0.214581487680254
"ec:3.3.2.10",-0.0499305398989782,0.396560440456057,0.540987473965476,-0.21757590751698,-0.515342247805178,0.141683043771024
"ec:3.3.2.6",-0.697198504912899,-0.00372218721712418,0.618499210106598,-0.648117262271945,1.54544819593396,-0.214581487680254
"ec:3.3.2.9",-0.0499305398989782,0.396560440456057,0.540987473965476,-0.21757590751698,-0.515342247805178,0.141683043771024
"ec:3.4.11.1",0.636724701499931,-1.25117158555891,-0.69863080034937,-0.456051420946868,-0.366304912976648,-0.847470458529891
"ec:3.4.11.2",0.636724701499931,-1.25117158555891,-0.69863080034937,-0.456051420946868,-0.366304912976648,-0.847470458529891
"ec:3.4.11.5",-0.697198504912899,-0.00372218721712418,0.618499210106598,-0.648117262271945,1.54544819593396,-0.214581487680254
"ec:3.4.13.18",0.699814677193061,-0.0843744686867316,-2.37114575648714,-0.490796752297,-0.350248345742556,0.450327965155212
"ec:3.4.13.20",0.699814677193061,-0.0843744686867316,-2.37114575648714,-0.490796752297,-0.350248345742556,0.450327965155212
"ec:3.4.19.9",-0.0499305398989782,0.396560440456057,0.540987473965476,-0.21757590751698,-0.515342247805178,0.141683043771024
"ec:3.4.24.84",-0.0499305398989782,0.396560440456057,0.540987473965476,-0.21757590751698,-0.515342247805178,0.141683043771024
"ec:3.5.1.12",0.636724701499931,-1.25117158555891,-0.69863080034937,-0.456051420946868,-0.366304912976648,-0.847470458529891
"ec:3.5.1.14",0.636724701499931,-1.25117158555891,-0.69863080034937,-0.456051420946868,-0.366304912976648,-0.847470458529891
"ec:3.5.1.15",-0.978549811509231,-0.748481285950864,-0.6255175089255,-0.089137627403431,-1.81299207481058,0.0915077653775835
"ec:3.5.1.2",2.16294937819805,1.19179292943795,-0.840748157405605,0.61502922095817,0.808375752662838,-0.612630860012963
"ec:3.5.1.23",3.82760277677833,-1.21173222920523,-0.114058068712155,0.415086007721852,0.343899337624245,-0.287449668558088
"ec:3.5.1.25",-0.697198504912899,-0.00372218721712418,0.618499210106598,-0.648117262271945,1.54544819593396,-0.214581487680254
"ec:3.5.1.3",-0.697198504912899,-0.00372218721712418,0.618499210106598,-0.648117262271945,1.54544819593396,-0.214581487680254
"ec:3.5.1.6",-0.978549811509231,-0.748481285950864,-0.6255175089255,-0.089137627403431,-1.81299207481058,0.0915077653775835
"ec:3.5.1.89",-0.0499305398989782,0.396560440456057,0.540987473965476,-0.21757590751698,-0.515342247805178,0.141683043771024
"ec:3.5.1.9",2.68653795192361,2.98119726849424,-0.36970500152624,-3.53641754394505,-2.09726684092168,3.8119916294895
"ec:3.5.1.92",-0.0499305398989782,0.396560440456057,0.540987473965476,-0.21757590751698,-0.515342247805178,0.141683043771024
"ec:3.5.2.17",-0.0499305398989782,0.396560440456057,0.540987473965476,-0.21757590751698,-0.515342247805178,0.141683043771024
"ec:3.5.2.2",-0.0499305398989782,0.396560440456057,0.540987473965476,-0.21757590751698,-0.515342247805178,0.141683043771024
"ec:3.5.2.3",0.489363945672552,0.245512857920496,0.217238644116401,1.09146831113198,-0.0869752650593421,0.0781991817419333
"ec:3.5.2.7",-0.0499305398989782,0.396560440456057,0.540987473965476,-0.21757590751698,-0.515342247805178,0.141683043771024
"ec:3.5.2.9",0.489363945672552,0.245512857920496,0.217238644116401,1.09146831113198,-0.0869752650593421,0.0781991817419333
"ec:3.5.3.1",-0.883652683715392,-0.0337034737710505,-2.68933599650293,0.0588712892956106,-0.87877486220847,-0.385344958259335
"ec:3.5.3.11",0.636724701499931,-1.25117158555891,-0.69863080034937,-0.456051420946868,-0.366304912976648,-0.847470458529891
"ec:3.5.4.10",-0.209996990889403,1.43574365622343,-0.842422484002677,0.0891107882059219,0.536257901673792,0.217866174433894
"ec:3.5.4.12",-0.0200571064269776,0.276480522945548,-1.79415982946344,1.30258545555754,1.34840603553752,-2.13467667610511
"ec:3.5.4.16",-0.0499305398989782,0.396560440456057,0.540987473965476,-0.21757590751698,-0.515342247805178,0.141683043771024
"ec:3.5.4.3",0.266827790860232,-1.06204435981354,1.37350351017304,0.371068856136674,-0.833983871478525,-2.07564998159174
"ec:3.5.4.4",0.0690309338773206,-0.625073316259604,-0.143345429833722,0.571111463941413,0.863807543397318,1.90964315812564
"ec:3.5.4.5",-1.26832483341902,0.966450931499904,2.22645269384058,-2.18659868368851,1.03751885384728,2.13132722460755
"ec:3.5.4.6",0.774679487790409,2.14545600679783,-1.66793437174962,-0.190892434288922,2.28250705086473,-1.50451989095691
"ec:3.5.4.9",-0.220314270526397,1.65076501851516,0.00855413286699858,0.0640678453603585,0.382218043525153,-0.959504429539642
"ec:3.5.99.6",-1.59673954842777,-0.288590039211522,-2.74819601929594,-1.77719319703488,-0.610668643156043,0.712174790294024
"ec:3.6.1.1",-0.0499305398989782,0.396560440456057,0.540987473965476,-0.21757590751698,-0.515342247805178,0.141683043771024
"ec:3.6.1.11",-0.0499305398989782,0.396560440456057,0.540987473965476,-0.21757590751698,-0.515342247805178,0.141683043771024
"ec:3.6.1.13",-0.697198504912899,-0.00372218721712418,0.618499210106598,-0.648117262271945,1.54544819593396,-0.214581487680254
"ec:3.6.1.15",-0.0594209376829617,1.21963619028287,-1.42244330645148,-0.88035756270063,-0.483472999938061,-0.448951447356966
"ec:3.6.1.16",-0.697198504912899,-0.00372218721712418,0.618499210106598,-0.648117262271945,1.54544819593396,-0.214581487680254
"ec:3.6.1.17",0.041080513213565,0.415489737732575,-1.39510676912685,-0.982995179567718,-0.0751818736645695,-0.733101706564709
"ec:3.6.1.19",0.759559242091557,-0.20567190394691,-0.199594078929379,-0.783348497129353,-0.66805261606053,0.122152001934377
"ec:3.6.1.22",1.89247480387165,2.35048070944062,1.07694927583921,-1.75191306267952,0.105412209590235,0.444807249560126
"ec:3.6.1.23",0.266827790860232,-1.06204435981354,1.37350351017304,0.371068856136674,-0.833983871478525,-2.07564998159174
"ec:3.6.1.28",-0.0499305398989782,0.396560440456057,0.540987473965476,-0.21757590751698,-0.515342247805178,0.141683043771024
"ec:3.6.1.3",-0.0594209376829617,1.21963619028287,-1.42244330645148,-0.88035756270063,-0.483472999938061,-0.448951447356966
"ec:3.6.1.43",0.489363945672552,0.245512857920496,0.217238644116401,1.09146831113198,-0.0869752650593421,0.0781991817419333
"ec:3.6.1.5",0.105659854793963,-0.497468813907855,0.896695648031391,-1.35568853471094,0.763568518509625,-0.146047734346457
"ec:3.6.1.6",1.00235155642711,-0.16798955804861,-1.49200201054581,-0.124621786117807,-0.750529495718302,0.518745038647935
"ec:3.6.1.7",0.489363945672552,0.245512857920496,0.217238644116401,1.09146831113198,-0.0869752650593421,0.0781991817419333
"ec:3.6.1.9",1.63133756661737,2.11481651773014,0.903283706054582,-1.59980360055258,0.108020480107781,0.428844611050116
"ec:3.6.3.10",-0.0499305398989782,0.396560440456057,0.540987473965476,-0.21757590751698,-0.515342247805178,0.141683043771024
"ec:3.6.3.14",-0.0499305398989782,0.396560440456057,0.540987473965476,-0.21757590751698,-0.515342247805178,0.141683043771024
"ec:3.7.1.2",-0.0499305398989782,0.396560440456057,0.540987473965476,-0.21757590751698,-0.515342247805178,0.141683043771024
"ec:3.7.1.3",-1.59673954842777,-0.288590039211522,-2.74819601929594,-1.77719319703488,-0.610668643156043,0.712174790294024
"ec:4.1.1.15",-0.89442322555488,-0.77466086524634,-0.629326149343858,-0.108247563395399,-1.73765046112041,0.0425968020615983
"ec:4.1.1.17",0.636724701499931,-1.25117158555891,-0.69863080034937,-0.456051420946868,-0.366304912976648,-0.847470458529891
"ec:4.1.1.19",0.489363945672552,0.245512857920496,0.217238644116401,1.09146831113198,-0.0869752650593421,0.0781991817419333
"ec:4.1.1.21",0.266827790860232,-1.06204435981354,1.37350351017304,0.371068856136674,-0.833983871478525,-2.07564998159174
"ec:4.1.1.22",0.636724701499931,-1.25117158555891,-0.69863080034937,-0.456051420946868,-0.366304912976648,-0.847470458529891
"ec:4.1.1.23",-0.191596518546753,-0.700043282341904,1.85718744385242,0.845740892418975,-1.26058593976326,-0.803010475832038
"ec:4.1.1.28",0.247809107744824,1.80909811823485,0.913715774928246,-2.97644794905301,-0.386945754997797,0.404578658785459
"ec:4.1.1.29",-0.0499305398989782,0.396560440456057,0.540987473965476,-0.21757590751698,-0.515342247805178,0.141683043771024
"ec:4.1.1.32",-0.19859200109526,-2.41437710760668,0.55937352488303,-1.2235394943303,1.16370045512893,1.94494658526611
"ec:4.1.1.33",0.636724701499931,-1.25117158555891,-0.69863080034937,-0.456051420946868,-0.366304912976648,-0.847470458529891
"ec:4.1.1.35",-0.0499305398989782,0.396560440456057,0.540987473965476,-0.21757590751698,-0.515342247805178,0.141683043771024
"ec:4.1.1.36",0.266827790860232,-1.06204435981354,1.37350351017304,0.371068856136674,-0.833983871478525,-2.07564998159174
"ec:4.1.1.37",-0.0499305398989782,0.396560440456057,0.540987473965476,-0.21757590751698,-0.515342247805178,0.141683043771024
"ec:4.1.1.45",-0.0499305398989782,0.396560440456057,0.540987473965476,-0.21757590751698,-0.515342247805178,0.141683043771024
"ec:4.1.1.50",-0.0499305398989782,0.396560440456057,0.540987473965476,-0.21757590751698,-0.515342247805178,0.141683043771024
"ec:4.1.1.65",-1.30279814475945,-0.562749190840788,-0.453808577644844,0.402543072425985,-1.8156692920469,0.954388334694173
"ec:4.1.1.9",0.489363945672552,0.245512857920496,0.217238644116401,1.09146831113198,-0.0869752650593421,0.0781991817419333
"ec:4.1.1.90",-0.0499305398989782,0.396560440456057,0.540987473965476,-0.21757590751698,-0.515342247805178,0.141683043771024
"ec:4.1.2.13",0.921508463723936,-0.702682467634866,-0.976207752385432,-0.764707000442774,0.172150816836645,0.277570523793723
"ec:4.1.2.27",-0.0499305398989782,0.396560440456057,0.540987473965476,-0.21757590751698,-0.515342247805178,0.141683043771024
"ec:4.1.2.4",1.9433638064479,-1.21143581836652,-1.3724329826656,-1.0494282074267,-0.828146238148699,1.09187198567667
"ec:4.1.2.5",-2.51719418530467,0.32388277755089,1.62957305804418,2.8761557519736,-1.84746106839112,1.24644007398425
"ec:4.1.3.3",-0.195474050099692,-0.856927294822701,-0.591775054891531,-0.117138360497845,-0.684330139941591,0.284195409275243
"ec:4.1.3.4",1.4756373142225,-0.270582469460767,2.35737939500836,-1.6745867176157,-0.16780387567176,1.99683904935677
"ec:4.2.1.107",-0.0499305398989782,0.396560440456057,0.540987473965476,-0.21757590751698,-0.515342247805178,0.141683043771024
"ec:4.2.1.109",-0.0499305398989782,0.396560440456057,0.540987473965476,-0.21757590751698,-0.515342247805178,0.141683043771024
"ec:4.2.1.11",0.489363945672552,0.245512857920496,0.217238644116401,1.09146831113198,-0.0869752650593421,0.0781991817419333
"ec:4.2.1.134",-0.0499305398989782,0.396560440456057,0.540987473965476,-0.21757590751698,-0.515342247805178,0.141683043771024
"ec:4.2.1.17",0.55445021254622,0.024249420652895,0.514160071672676,2.5763149984432,-2.47423369895958,-2.37574336592962
"ec:4.2.1.18",-0.0499305398989782,0.396560440456057,0.540987473965476,-0.21757590751698,-0.515342247805178,0.141683043771024
"ec:4.2.1.2",-0.0499305398989782,0.396560440456057,0.540987473965476,-0.21757590751698,-0.515342247805178,0.141683043771024
"ec:4.2.1.22",-0.471758970763174,-1.29477179225628,0.0286827664121559,0.91123041334359,0.150733592809903,-0.305345432183665
"ec:4.2.1.24",-0.0499305398989782,0.396560440456057,0.540987473965476,-0.21757590751698,-0.515342247805178,0.141683043771024
"ec:4.2.1.3",-0.0499305398989782,0.396560440456057,0.540987473965476,-0.21757590751698,-0.515342247805178,0.141683043771024
"ec:4.2.1.47",-0.0499305398989782,0.396560440456057,0.540987473965476,-0.21757590751698,-0.515342247805178,0.141683043771024
"ec:4.2.1.49",-0.0499305398989782,0.396560440456057,0.540987473965476,-0.21757590751698,-0.515342247805178,0.141683043771024
"ec:4.2.1.75",-0.0499305398989782,0.396560440456057,0.540987473965476,-0.21757590751698,-0.515342247805178,0.141683043771024
"ec:4.2.3.12",-0.0499305398989782,0.396560440456057,0.540987473965476,-0.21757590751698,-0.515342247805178,0.141683043771024
"ec:4.3.1.17",-0.316586230678573,-1.79285281612958,-0.839767032893867,0.185846694115065,-0.286714977382836,2.05182968700194
"ec:4.3.1.3",-0.195474050099692,-0.856927294822701,-0.591775054891531,-0.117138360497845,-0.684330139941591,0.284195409275243
"ec:4.3.1.4",-1.57956106534473,1.73413628306227,0.173489647289065,0.92854260577613,-1.54102407566291,-0.438016568747734
"ec:4.3.2.1",0.0694993836980875,-0.467586052236551,0.540319499065535,-0.465091370165873,-0.870578237852181,-1.29443079491577
"ec:4.3.2.2",0.672488971870715,0.485079767251191,-1.2005149388571,-0.626749437635618,-0.0343830932899765,-0.626330154229145
"ec:4.4.1.1",-0.697198504912899,-0.00372218721712418,0.618499210106598,-0.648117262271945,1.54544819593396,-0.214581487680254
"ec:4.4.1.16",-0.697198504912899,-0.00372218721712418,0.618499210106598,-0.648117262271945,1.54544819593396,-0.214581487680254
"ec:4.4.1.17",-0.0499305398989782,0.396560440456057,0.540987473965476,-0.21757590751698,-0.515342247805178,0.141683043771024
"ec:4.4.1.20",-0.0499305398989782,0.396560440456057,0.540987473965476,-0.21757590751698,-0.515342247805178,0.141683043771024
"ec:4.4.1.5",-0.0499305398989782,0.396560440456057,0.540987473965476,-0.21757590751698,-0.515342247805178,0.141683043771024
"ec:4.6.1.1",-0.249822088627511,-0.258441723630107,-0.0743403956291551,-0.41553619384594,0.838977580298101,-0.608296029514161
"ec:4.6.1.2",-0.847437263763791,-0.388144607409238,-1.30393577880584,-0.0783391605722064,-0.00861106099952105,-0.3570298918739
"ec:4.99.1.1",-0.0499305398989782,0.396560440456057,0.540987473965476,-0.21757590751698,-0.515342247805178,0.141683043771024
"ec:5.1.1.18",-0.316586230678573,-1.79285281612958,-0.839767032893867,0.185846694115065,-0.286714977382836,2.05182968700194
"ec:5.1.3.1",-0.697198504912899,-0.00372218721712418,0.618499210106598,-0.648117262271945,1.54544819593396,-0.214581487680254
"ec:5.1.3.14",1.09315895684122,-2.14677035156127,1.42914316440306,-0.164960203811984,-0.592313084653364,0.0959586000295499
"ec:5.1.3.2",0.0694993836980875,-0.467586052236551,0.540319499065535,-0.465091370165873,-0.870578237852181,-1.29443079491577
"ec:5.1.3.3",-0.0499305398989782,0.396560440456057,0.540987473965476,-0.21757590751698,-0.515342247805178,0.141683043771024
"ec:5.1.3.8",-0.155193900947037,-0.792074738728496,-0.544185645391352,-0.0460430416577231,-0.649197412095875,0.272074650020431
"ec:5.1.99.1",0.0690309338773206,-0.625073316259604,-0.143345429833722,0.571111463941413,0.863807543397318,1.90964315812564
"ec:5.1.99.4",-0.0499305398989782,0.396560440456057,0.540987473965476,-0.21757590751698,-0.515342247805178,0.141683043771024
"ec:5.2.1.2",-0.0499305398989782,0.396560440456057,0.540987473965476,-0.21757590751698,-0.515342247805178,0.141683043771024
"ec:5.3.1.1",-0.0499305398989782,0.396560440456057,0.540987473965476,-0.21757590751698,-0.515342247805178,0.141683043771024
"ec:5.3.1.22",-0.697198504912899,-0.00372218721712418,0.618499210106598,-0.648117262271945,1.54544819593396,-0.214581487680254
"ec:5.3.1.23",-0.0499305398989782,0.396560440456057,0.540987473965476,-0.21757590751698,-0.515342247805178,0.141683043771024
"ec:5.3.1.6",0.215998998603629,-1.99993294193504,0.296770056854068,-0.406998693543137,-0.149333782743158,0.446159392889439
"ec:5.3.1.8",-0.425995508653132,-2.04305754852118,0.0586922653586936,-0.731606126193127,0.433467738014559,0.322338668546167
"ec:5.3.1.9",1.13565075297697,-4.16363365655589,2.30559625984702,-2.05124841502269,2.23179783569995,0.30606202931375
"ec:5.3.2.1",-1.45886463701322,-0.608494290051585,-1.9686186836231,-1.05574676683332,1.94317340470488,1.16300244395269
"ec:5.3.3.1",0.557095667389756,0.622212767492617,-0.416284654032063,-0.0297178841294083,1.63515642776187,-0.557308616934504
"ec:5.3.3.2",0.636724701499931,-1.25117158555891,-0.69863080034937,-0.456051420946868,-0.366304912976648,-0.847470458529891
"ec:5.3.3.5",-0.697198504912899,-0.00372218721712418,0.618499210106598,-0.648117262271945,1.54544819593396,-0.214581487680254
"ec:5.3.3.8",-0.720950401102494,-0.157488423711439,-0.78564362850586,-0.325502639639174,-0.705788296438024,-1.7927389775829
"ec:5.3.99.2",0.424586488011654,-1.86559140039247,-1.02306477201378,-0.765803821798505,-0.432039758474201,-0.351514581034731
"ec:5.3.99.3",-1.24453037548659,-0.584130707926808,-0.112961429623889,0.0890474594403563,-0.928569102544916,-0.751299046627382
"ec:5.3.99.4",0.424586488011654,-1.86559140039247,-1.02306477201378,-0.765803821798505,-0.432039758474201,-0.351514581034731
"ec:5.3.99.5",0.424586488011654,-1.86559140039247,-1.02306477201378,-0.765803821798505,-0.432039758474201,-0.351514581034731
"ec:5.4.2.1",0.921508463723936,-0.702682467634866,-0.976207752385432,-0.764707000442774,0.172150816836645,0.277570523793723
"ec:5.4.2.2",-1.44951469460316,-5.42484181976751,3.9747017634656,-1.73230167083144,3.21521757236941,-0.323054584693834
"ec:5.4.2.3",-0.697198504912899,-0.00372218721712418,0.618499210106598,-0.648117262271945,1.54544819593396,-0.214581487680254
"ec:5.4.2.4",0.921508463723936,-0.702682467634866,-0.976207752385432,-0.764707000442774,0.172150816836645,0.277570523793723
"ec:5.4.2.7",-1.7562361286759,0.161075264298825,0.851235591225744,0.176848013888398,0.588230532371457,-0.854701036267801
"ec:5.4.2.8",-0.0499305398989782,0.396560440456057,0.540987473965476,-0.21757590751698,-0.515342247805178,0.141683043771024
"ec:5.4.99.2",0.489363945672552,0.245512857920496,0.217238644116401,1.09146831113198,-0.0869752650593421,0.0781991817419333
"ec:5.4.99.7",-0.0499305398989782,0.396560440456057,0.540987473965476,-0.21757590751698,-0.515342247805178,0.141683043771024
"ec:5.5.1.4",-0.0499305398989782,0.396560440456057,0.540987473965476,-0.21757590751698,-0.515342247805178,0.141683043771024
"ec:6.1.1.10",-0.697198504912899,-0.00372218721712418,0.618499210106598,-0.648117262271945,1.54544819593396,-0.214581487680254
"ec:6.1.1.11",-0.0499305398989782,0.396560440456057,0.540987473965476,-0.21757590751698,-0.515342247805178,0.141683043771024
"ec:6.2.1.1",0.539248448281393,0.373505837236274,-2.6447697775966,0.220427655824399,0.521804839905324,-1.13408591594293
"ec:6.2.1.16",0.485178529061768,-1.37069077543255,-1.63013584030105,0.908966637316439,0.712910391722124,-0.326144325083217
"ec:6.2.1.17",0.424586488011654,-1.86559140039247,-1.02306477201378,-0.765803821798505,-0.432039758474201,-0.351514581034731
"ec:6.2.1.2",-0.0499305398989782,0.396560440456057,0.540987473965476,-0.21757590751698,-0.515342247805178,0.141683043771024
"ec:6.2.1.3",-0.965597243088239,-0.281152998184902,-2.25480887554843,1.57430582178132,0.909649940470341,-0.523841211733229
"ec:6.2.1.4",-0.0499305398989782,0.396560440456057,0.540987473965476,-0.21757590751698,-0.515342247805178,0.141683043771024
"ec:6.2.1.5",-0.0499305398989782,0.396560440456057,0.540987473965476,-0.21757590751698,-0.515342247805178,0.141683043771024
"ec:6.2.1.7",-0.0499305398989782,0.396560440456057,0.540987473965476,-0.21757590751698,-0.515342247805178,0.141683043771024
"ec:6.3.1.2",2.16294937819805,1.19179292943795,-0.840748157405605,0.61502922095817,0.808375752662838,-0.612630860012963
"ec:6.3.2.11",0.699814677193061,-0.0843744686867316,-2.37114575648714,-0.490796752297,-0.350248345742556,0.450327965155212
"ec:6.3.2.17",-0.0499305398989782,0.396560440456057,0.540987473965476,-0.21757590751698,-0.515342247805178,0.141683043771024
"ec:6.3.2.2",0.732632565060405,-1.80715463529768,-0.860269070905362,-0.834634524988855,-0.00342548441458555,0.779703269951155
"ec:6.3.2.3",2.17232198202209,-1.11418946221177,-1.50408108019141,1.12947490417557,-1.73158671181369,0.451978172004863
"ec:6.3.2.5",-0.0499305398989782,0.396560440456057,0.540987473965476,-0.21757590751698,-0.515342247805178,0.141683043771024
"ec:6.3.2.6",0.266827790860232,-1.06204435981354,1.37350351017304,0.371068856136674,-0.833983871478525,-2.07564998159174
"ec:6.3.3.1",-1.5631697154046,-0.783775470365014,-3.00156227655225,-0.62079641530178,0.0826193743633631,0.373216094843486
"ec:6.3.3.2",-0.316586230678573,-1.79285281612958,-0.839767032893867,0.185846694115065,-0.286714977382836,2.05182968700194
"ec:6.3.4.10",0.636724701499931,-1.25117158555891,-0.69863080034937,-0.456051420946868,-0.366304912976648,-0.847470458529891
"ec:6.3.4.11",0.636724701499931,-1.25117158555891,-0.69863080034937,-0.456051420946868,-0.366304912976648,-0.847470458529891
"ec:6.3.4.13",-1.5631697154046,-0.783775470365014,-3.00156227655225,-0.62079641530178,0.0826193743633631,0.373216094843486
"ec:6.3.4.14",0.489363945672552,0.245512857920496,0.217238644116401,1.09146831113198,-0.0869752650593421,0.0781991817419333
"ec:6.3.4.15",0.636724701499931,-1.25117158555891,-0.69863080034937,-0.456051420946868,-0.366304912976648,-0.847470458529891
"ec:6.3.4.16",0.921508463723936,-0.702682467634866,-0.976207752385432,-0.764707000442774,0.172150816836645,0.277570523793723
"ec:6.3.4.2",-0.600147114367354,-0.867657511452058,-0.70544074531607,-0.335189617187344,-1.5186047884237,-0.288310011025648
"ec:6.3.4.3",-0.220314270526397,1.65076501851516,0.00855413286699858,0.0640678453603585,0.382218043525153,-0.959504429539642
"ec:6.3.4.4",-0.604511770709345,0.950025233556305,-0.111189288951366,0.631225214352936,-0.335949951179198,0.90907589616967
"ec:6.3.4.5",-0.975494443791895,-0.740384916535434,-0.611996887984415,-0.0952137649723566,-1.77649443937923,0.088175734814032
"ec:6.3.4.9",0.636724701499931,-1.25117158555891,-0.69863080034937,-0.456051420946868,-0.366304912976648,-0.847470458529891
"ec:6.3.5.1",-0.69782356750004,-0.530151522820511,-1.62641607952188,3.60898893313499,2.96928899789846,-0.715883131991646
"ec:6.3.5.2",-0.333542553590663,1.05532906087243,0.29044007490583,0.405407298443912,-0.0194127042019901,-1.82851160581216
"ec:6.3.5.3",0.489363945672552,0.245512857920496,0.217238644116401,1.09146831113198,-0.0869752650593421,0.0781991817419333
"ec:6.3.5.4",-0.978549811509231,-0.748481285950864,-0.6255175089255,-0.089137627403431,-1.81299207481058,0.0915077653775835
"ec:6.3.5.5",-0.304620481149486,1.52581959879957,-3.78241679431059,0.134974474983167,-1.84973761951311,1.40568090463734
"ec:6.4.1.1",0.740666563001448,-0.900969780194835,-1.56716182749675,-1.60437875693286,-0.734205705207738,1.92126832446038
"ec:6.4.1.2",1.97567561481701,0.184744440845641,-2.17806685826902,-0.857777744229132,0.136014780526967,-0.174020790152583
"ec:6.4.1.3",0.767408095899546,-0.795623796818221,0.405495168049208,-1.27063799515122,0.656471402911023,0.363186904660674
"ec:6.4.1.4",0.0690309338773206,-0.625073316259604,-0.143345429833722,0.571111463941413,0.863807543397318,1.90964315812564
